date, pm25, pm10, o3, no2, so2, co
2020/2/1, 66, 20, , 9, 2, 5
2020/2/2, 83, 27, , 9, 4, 6
2020/2/3, 76, 33, , 14, 5, 10
2020/2/4, 86, 24, , 10, 3, 5
2020/2/5, 63, 35, , 10, 4, 5
2020/2/6, 84, 87, , 13, 2, 10
2020/2/7, 173, 91, , 13, 3, 11
2020/2/8, 161, 100, , 14, 5, 15
2020/2/9, 195, , , , , 
2020/1/2, 153, 104, , 49, 16, 22
2020/1/3, 191, 112, , 50, 12, 23
2020/1/4, 201, 54, , 34, 6, 13
2020/1/5, 132, 60, , 30, 3, 16
2020/1/6, 155, 16, , 23, 3, 13
2020/1/7, 106, 22, , 18, 1, 7
2020/1/8, 54, 79, , 35, 4, 13
2020/1/9, 164, 59, , 31, 3, 10
2020/1/10, 151, 36, , 21, 6, 8
2020/1/11, 79, 34, , 28, 4, 6
2020/1/12, 94, 21, , 16, 2, 4
2020/1/13, 60, 35, , 22, 5, 8
2020/1/14, 83, 91, , 34, 6, 16
2020/1/15, 210, 135, , 44, 9, 24
2020/1/16, 297, 127, , 43, 7, 24
2020/1/17, 299, 183, , 25, 4, 24
2020/1/18, 289, 58, , 21, 3, 11
2020/1/19, 151, 24, , 14, 2, 6
2020/1/20, 64, 49, , 27, 9, 11
2020/1/21, 117, 92, , 37, 5, 20
2020/1/22, 218, 79, , 25, 6, 15
2020/1/23, 216, , , 11, 4, 6
2020/1/24, 133, 84, , 16, 5, 8
2020/1/25, 143, 130, , 20, 6, 17
2020/1/26, 267, 109, , 19, 5, 17
2020/1/27, 276, 136, , 19, 8, 21
2020/1/28, 278, , , 16, 5, 14
2020/1/29, 160, 31, , 15, 10, 13
2020/1/30, 87, 69, , 18, 9, 13
2020/1/31, 164, 32, , 8, 2, 4
2019/10/1, 114, 62, , 12, 4, 8
2019/10/2, 114, 76, , 15, 4, 9
2019/10/3, 140, 30, , 8, 3, 5
2019/10/4, 41, 24, , 13, 3, 5
2019/10/5, 33, 37, , 18, 4, 6
2019/10/6, 80, 54, , 13, 3, 5
2019/10/7, 114, 37, , 19, 4, 5
2019/10/8, 61, 58, , 21, 6, 11
2019/10/9, 109, 33, , 13, 2, 7
2019/10/10, 123, 54, , 18, 4, 5
2019/10/11, 82, 49, , 22, 5, 5
2019/10/12, 53, 40, , 20, 4, 7
2019/10/13, 55, 28, , 15, 3, 5
2019/10/14, 48, 50, , 22, 5, 7
2019/10/15, 109, 54, , 22, 6, 7
2019/10/16, 129, 47, , 21, 3, 9
2019/10/17, 154, , , 27, 3, 11
2019/10/18, 185, 92, , 31, 5, 14
2019/10/19, 203, 101, , 27, 4, 12
2019/10/20, 171, 65, , 24, 4, 8
2019/10/21, 81, 65, , 33, 5, 12
2019/10/22, 114, 86, , 45, 5, 14
2019/10/23, 182, 13, , 25, 4, 12
2019/10/24, 142, 19, , 13, 2, 7
2019/10/25, 31, 53, , 24, 5, 7
2019/10/26, 109, 76, , 34, 7, 10
2019/10/27, 157, 105, , 17, 4, 6
2019/10/28, 110, 62, , 24, 5, 7
2019/10/29, 94, 129, , 38, 9, 9
2019/10/30, 164, 83, , 33, 7, 10
2019/10/31, 128, 55, , 28, 5, 9
2019/11/1, 83, 48, , 31, 8, 11
2019/11/2, 80, 60, , 24, 10, 10
2019/11/3, 107, 65, , 25, 7, 10
2019/11/4, 145, 51, , 25, 6, 9
2019/11/5, 118, 48, , 29, 7, 8
2019/11/6, 100, 41, , 19, 6, 5
2019/11/7, 68, 66, , 29, 7, 9
2019/11/8, 134, 100, , 39, 7, 17
2019/11/9, 222, 71, , 15, 3, 5
2019/11/10, 99, 46, , 26, 5, 5
2019/11/11, 75, 72, , 38, 11, 11
2019/11/12, 131, 55, , 13, 3, 4
2019/11/13, 69, 63, , 31, 10, 8
2019/11/14, 94, 61, , 25, 8, 12
2019/11/15, 105, 46, , 22, 6, 9
2019/11/16, 102, 120, , 22, 6, 13
2019/11/17, 138, 70, , 11, 2, 6
2019/11/18, 68, 54, , 22, 3, 8
2019/11/19, 82, 98, , 40, 14, 16
2019/11/20, 143, 108, , 46, 10, 18
2019/11/21, 179, 101, , 40, 7, 19
2019/11/22, 185, 101, , 39, 9, 25
2019/11/23, 192, 32, , 11, 1, 6
2019/11/24, 70, 25, , 15, 3, 6
2019/11/25, 56, 54, , 28, 8, 12
2019/11/26, 123, 50, , 26, 7, 12
2019/11/27, 90, 39, , 24, 6, 7
2019/11/28, 81, 57, , 31, 8, 10
2019/11/29, 144, 68, , 30, 5, 8
2019/11/30, 166, 25, , 13, 2, 5
2019/12/1, 55, 28, , 16, 3, 7
2019/12/2, 51, 59, , 29, 6, 12
2019/12/3, 125, 49, , 29, 5, 10
2019/12/4, 91, 43, , 19, 7, 8
2019/12/5, 97, 46, , 26, 6, 7
2019/12/6, 112, 93, , 36, 4, 14
2019/12/7, 200, 100, , 28, 3, 13
2019/12/8, 205, 124, , 38, 2, 20
2019/12/9, 231, 102, , 40, 2, 27
2019/12/10, 215, 26, , 17, 1, 4
2019/12/11, 57, 29, , 27, 5, 10
2019/12/12, 65, 51, , 18, 7, 10
2019/12/13, 111, 31, , 20, 5, 8
2019/12/14, 61, 48, , 28, 10, 9
2019/12/15, 116, 66, , 25, 4, 13
2019/12/16, 148, 18, , 9, 1, 4
2019/12/17, 62, 24, , 16, 4, 7
2019/12/18, 64, 25, , 17, 3, 6
2019/12/19, 73, 32, , 27, 5, 8
2019/12/20, 74, 66, , 37, 6, 17
2019/12/21, 152, 92, , 43, 7, 24
2019/12/22, 192, 64, , 30, 6, 21
2019/12/23, 153, 47, , 25, 7, 14
2019/12/24, 127, 56, , 27, 4, 15
2019/12/25, 148, 51, , 26, 3, 12
2019/12/26, 111, 72, , 34, 9, 12
2019/12/27, 151, 86, , 42, 7, 17
2019/12/28, 172, 87, , 45, 4, 19
2019/12/29, 182, , , , , 
2019/7/1, 65, 51, , 13, 8, 8
2019/7/2, 83, 43, , 12, 5, 6
2019/7/3, 73, 54, , 14, 6, 9
2019/7/4, 88, 62, , 11, 2, 7
2019/7/5, 111, 30, , 9, 2, 7
2019/7/6, 75, 37, , 9, 3, 5
2019/7/7, 81, 52, , 11, 4, 7
2019/7/8, 119, 58, , 16, 4, 7
2019/7/9, 131, 39, , 10, 4, 6
2019/7/10, 104, 31, , 9, 3, 4
2019/7/11, 70, 49, , 10, 3, 6
2019/7/12, 122, 56, , 11, 3, 8
2019/7/13, 135, 40, , 9, 3, 7
2019/7/14, 77, 39, , 9, 3, 8
2019/7/15, 94, 40, , 9, 5, 8
2019/7/16, 77, 62, , 12, 4, 9
2019/7/17, 149, 72, , 13, 2, 10
2019/7/18, 166, 31, , 10, 3, 6
2019/7/19, 66, 35, , 13, 2, 5
2019/7/20, 80, 52, , 11, , 9
2019/7/21, 149, 57, , 17, 3, 11
2019/7/22, 130, 35, , 9, 2, 7
2019/7/23, 80, 45, , 13, 2, 8
2019/7/24, 94, 54, , 13, 1, 7
2019/7/25, 90, 68, , 11, 1, 10
2019/7/26, 118, 59, , 11, 1, 10
2019/7/27, 128, 52, , 9, 1, 13
2019/7/28, 122, 30, , 7, 1, 8
2019/7/29, 82, 31, , 7, 1, 6
2019/7/30, 71, 49, , 9, 2, 8
2019/7/31, 102, 50, , 10, 1, 7
2019/8/1, 102, 41, , 11, 1, 10
2019/8/2, 95, 29, , 8, 2, 9
2019/8/3, 68, 35, , 12, 1, 10
2019/8/4, 85, 44, , 9, 1, 8
2019/8/5, 94, 48, , 15, 1, 10
2019/8/6, 120, 45, , 12, 1, 9
2019/8/7, 91, 44, , 11, 2, 9
2019/8/8, 120, 31, , 9, 1, 5
2019/8/9, 75, 18, , 9, 1, 5
2019/8/10, 86, 16, , 8, 1, 8
2019/8/11, 44, 10, , 5, 1, 3
2019/8/12, 26, 15, , 8, 2, 4
2019/8/13, 20, 37, , 14, 3, 7
2019/8/14, 76, 49, , 13, 3, 7
2019/8/15, 114, 27, , 9, 2, 3
2019/8/16, 40, 30, , 13, 2, 4
2019/8/17, 31, 51, , 18, 5, 7
2019/8/18, 66, 57, , 22, 5, 11
2019/8/19, 92, 50, , 18, 4, 12
2019/8/20, 102, 38, , 20, 2, 11
2019/8/21, 93, 47, , 25, 3, 8
2019/8/22, 74, 42, , 19, 5, 7
2019/8/23, 74, 48, , 16, 5, 10
2019/8/24, 92, 45, , 13, 4, 8
2019/8/25, 83, 58, , 13, 3, 9
2019/8/26, 141, 43, , 14, 3, 7
2019/8/27, 110, 43, , 12, 4, 5
2019/8/28, 47, 22, , 11, 2, 4
2019/8/29, 20, 27, , 13, 7, 4
2019/8/30, 37, 45, , 16, 5, 6
2019/8/31, 63, 50, , 17, 8, 9
2019/9/1, 80, 60, , 12, 5, 8
2019/9/2, 117, 62, , 16, 6, 9
2019/9/3, 136, 48, , 19, 5, 6
2019/9/4, 83, 53, , 17, 5, 5
2019/9/5, 93, 69, , 15, 4, 6
2019/9/6, 134, 69, , 13, 4, 7
2019/9/7, 148, 69, , 14, 8, 11
2019/9/8, 133, 72, , 17, 5, 9
2019/9/9, 145, 38, , 13, 5, 7
2019/9/10, 68, 35, , 18, 7, 8
2019/9/11, 51, 41, , 16, 5, 10
2019/9/12, 60, 44, , 9, 2, 5
2019/9/13, 88, 46, , 16, 6, 8
2019/9/14, 91, 52, , 15, 6, 7
2019/9/15, 101, 40, , 12, 5, 5
2019/9/16, 57, 50, , 18, 4, 5
2019/9/17, 64, 45, , 13, 6, 4
2019/9/18, 62, 40, , 19, 5, 5
2019/9/19, 47, 71, , 28, 6, 10
2019/9/20, 128, 79, , 25, 6, 11
2019/9/21, 157, 64, , 18, 10, 13
2019/9/22, 151, 72, , 21, 5, 9
2019/9/23, 143, 61, , 22, 7, 7
2019/9/24, 101, 46, , 24, 4, 6
2019/9/25, 62, 54, , 22, 6, 8
2019/9/26, 88, 60, , 14, 3, 9
2019/9/27, 121, 68, , 17, 4, 9
2019/9/28, 149, 75, , 18, 6, 7
2019/9/29, 133, 66, , 15, 4, 8
2019/9/30, 116, 59, , 12, 4, 7
2019/4/1, 66, 48, , 17, 7, 8
2019/4/2, 85, 52, , 19, 5, 6
2019/4/3, 96, 113, , 15, 10, 10
2019/4/4, 176, 317, , 14, 4, 6
2019/4/5, 96, 77, , 16, 11, 10
2019/4/6, 77, 68, , 25, 7, 8
2019/4/7, 78, 48, , 16, 5, 7
2019/4/8, 40, 35, , 12, 4, 7
2019/4/9, 49, 36, , 14, 3, 7
2019/4/10, 86, 48, , 14, 8, 7
2019/4/11, 132, 56, , 16, 7, 9
2019/4/12, 157, 79, , 22, 8, 14
2019/4/13, 194, 54, , 10, 3, 4
2019/4/14, 63, 66, , 13, 8, 7
2019/4/15, 113, 67, , 16, 8, 10
2019/4/16, 159, 89, , 15, 8, 11
2019/4/17, 158, 165, , 17, 8, 8
2019/4/18, 115, 51, , 17, 5, 5
2019/4/19, 48, 55, , 26, 4, 7
2019/4/20, 92, 86, , 25, 8, 11
2019/4/21, 140, 77, , 20, 5, 9
2019/4/22, 164, 61, , 17, 4, 10
2019/4/23, 163, 52, , 14, 7, 6
2019/4/24, 71, 24, , 8, 3, 4
2019/4/25, 49, 36, , 9, 3, 4
2019/4/26, 88, 40, , 17, 4, 7
2019/4/27, 112, 41, , 16, 3, 7
2019/4/28, 135, 66, , 21, 5, 9
2019/4/29, 165, 72, , 20, 4, 8
2019/4/30, 120, 41, , 18, 3, 5
2019/5/1, 56, 53, , 14, 6, 6
2019/5/2, 79, 63, , 13, 8, 6
2019/5/3, 114, 66, , 13, 8, 8
2019/5/4, 129, 65, , 8, 4, 3
2019/5/5, 82, 42, , 13, 4, 4
2019/5/6, 60, 51, , 13, 6, 4
2019/5/7, 87, 70, , 17, 10, 7
2019/5/8, 148, 78, , 20, 6, 7
2019/5/9, 152, 67, , 15, 8, 8
2019/5/10, 135, 63, , 19, 6, 8
2019/5/11, 140, 277, , 20, 6, 16
2019/5/12, 173, 63, , 8, 4, 5
2019/5/13, 99, 106, , 18, 8, 9
2019/5/14, 139, 106, , 12, 6, 10
2019/5/15, 135, 74, , 10, 6, 9
2019/5/16, 146, 65, , 10, 3, 9
2019/5/17, 135, 31, , 8, 3, 6
2019/5/18, 53, 57, , 7, 1, 4
2019/5/19, 94, 49, , 11, 1, 3
2019/5/20, 49, 41, , 16, 2, 4
2019/5/21, 61, 52, , 21, 5, 6
2019/5/22, 93, 79, , 28, 5, 9
2019/5/23, 126, 67, , 8, 3, 4
2019/5/24, 80, 70, , 13, 5, 6
2019/5/25, 116, 64, , 10, 2, 8
2019/5/26, 122, 16, , 8, , 2
2019/5/27, 25, 42, , 18, 3, 2
2019/5/28, 62, 67, , 15, 6, 5
2019/5/29, 115, 48, , 9, 3, 3
2019/5/30, 53, 33, , 11, 1, 1
2019/5/31, 31, 59, , 18, 5, 5
2019/6/1, 86, 72, , 14, 6, 8
2019/6/2, 110, 62, , 12, 4, 7
2019/6/3, 92, 59, , 15, 5, 7
2019/6/4, 126, 69, , 20, 4, 11
2019/6/5, 154, 63, , 19, 2, 10
2019/6/6, 148, 52, , 13, 2, 6
2019/6/7, 123, 55, , 11, 2, 5
2019/6/8, 103, 38, , 8, 2, 5
2019/6/9, 74, 48, , 11, 4, 7
2019/6/10, 89, 39, , 10, 3, 7
2019/6/11, 66, 67, , 17, 3, 8
2019/6/12, 93, 60, , 14, 3, 12
2019/6/13, 90, 66, , 19, 3, 17
2019/6/14, 159, 42, , 11, 4, 8
2019/6/15, 97, 23, , 9, 2, 5
2019/6/16, 46, 49, , 16, 5, 8
2019/6/17, 105, 66, , 16, 3, 9
2019/6/18, 117, 51, , 12, 2, 11
2019/6/19, 147, 72, , 15, 2, 10
2019/6/20, 163, 46, , 11, 2, 8
2019/6/21, 111, 34, , 15, 2, 6
2019/6/22, 51, 49, , 13, 4, 6
2019/6/23, 79, 57, , 14, 6, 7
2019/6/24, 98, 66, , 11, 3, 7
2019/6/25, 101, 55, , 11, 8, 5
2019/6/26, 88, 56, , 11, 3, 6
2019/6/27, 105, 52, , 11, 3, 6
2019/6/28, 100, 42, , 9, 4, 6
2019/6/29, 108, 33, , 10, 4, 4
2019/6/30, 39, 38, , 11, 5, 6
2019/1/1, 135, 71, , 36, 11, 11
2019/1/2, 155, 90, , 44, 19, 15
2019/1/3, 190, 40, , 22, 6, 7
2019/1/4, 84, 31, , 22, 4, 7
2019/1/5, 53, 57, , 37, 13, 13
2019/1/6, 130, 55, , 30, 8, 10
2019/1/7, 110, 29, , 16, 3, 4
2019/1/8, 49, 49, , 26, 10, 7
2019/1/9, 106, 96, , 35, 17, 14
2019/1/10, 173, 141, , 42, 14, 22
2019/1/11, 274, 150, , 31, 7, 21
2019/1/12, 299, 179, , 46, 5, 30
2019/1/13, 321, 170, , 38, 8, 23
2019/1/14, 269, 46, , 11, 3, 4
2019/1/15, 32, 75, , 28, 13, 12
2019/1/16, 138, 97, , 43, 19, 19
2019/1/17, 171, 101, , 45, 21, 20
2019/1/18, 182, 62, , 29, 9, 17
2019/1/19, 119, 35, , 16, 3, 10
2019/1/20, 65, 73, , 31, 11, 15
2019/1/21, 148, 85, , 40, 18, 17
2019/1/22, 170, 53, , 32, 7, 15
2019/1/23, 108, 61, , 31, 7, 14
2019/1/24, 129, 42, , 19, 5, 6
2019/1/25, 78, 39, , 21, 6, 8
2019/1/26, 77, 84, , 30, 11, 11
2019/1/27, 170, 42, , 16, 4, 6
2019/1/28, 80, 90, , 35, 17, 17
2019/1/29, 173, 85, , 23, 7, 11
2019/1/30, 133, 36, , 11, 5, 6
2019/1/31, 69, 89, , 21, 10, 11
2019/2/1, 163, 95, , 22, 7, 16
2019/2/2, 187, 110, , 12, 3, 10
2019/2/3, 132, 118, , 15, 10, 13
2019/2/4, 150, 148, , 17, 9, 18
2019/2/5, 199, 57, , 10, 8, 11
2019/2/6, 110, 31, , 5, 2, 4
2019/2/7, 52, 36, , 13, 6, 6
2019/2/8, 80, 26, , 8, 3, 4
2019/2/9, 66, 43, , 15, 6, 7
2019/2/10, 106, 84, , 16, 7, 12
2019/2/11, 170, 55, , 17, 5, 11
2019/2/12, 122, 50, , 16, 8, 12
2019/2/13, 127, 27, , 13, 4, 6
2019/2/14, 79, 28, , 10, 2, 4
2019/2/15, 75, 17, , 8, 2, 3
2019/2/16, 36, 21, , 12, 4, 5
2019/2/17, 52, 73, , 32, 10, 14
2019/2/18, 170, 70, , 19, 4, 14
2019/2/19, 198, 95, , 24, 4, 16
2019/2/20, 187, 143, , 31, 5, 19
2019/2/21, 250, 197, , 38, 7, 23
2019/2/22, 312, 69, , 32, 8, 13
2019/2/23, 158, 117, , 50, 13, 23
2019/2/24, 244, 53, , 30, 10, 18
2019/2/25, 131, 49, , 34, 7, 12
2019/2/26, 91, 65, , 33, 8, 14
2019/2/27, 146, 114, , 38, 10, 16
2019/2/28, 223, 95, , 33, 8, 11
2019/3/1, 193, 95, , 28, 8, 10
2019/3/2, 197, 97, , 25, 8, 10
2019/3/3, 207, 103, , 28, 6, 12
2019/3/4, 204, 65, , 28, 6, 11
2019/3/5, 168, 43, , 9, 2, 5
2019/3/6, 62, 53, , 21, 4, 8
2019/3/7, 122, 63, , 23, 6, 6
2019/3/8, 151, 69, , 27, 9, 10
2019/3/9, 163, 68, , 35, 7, 10
2019/3/10, 154, 39, , 20, 3, 7
2019/3/11, 122, 26, , 8, 2, 4
2019/3/12, 53, 34, , 14, 4, 5
2019/3/13, 74, 50, , 20, 5, 16
2019/3/14, 95, 35, , 10, 3, 4
2019/3/15, 34, 58, , 22, 7, 7
2019/3/16, 94, 64, , 27, 8, 9
2019/3/17, 134, 85, , 23, 12, 10
2019/3/18, 168, 70, , 17, 8, 8
2019/3/19, 150, 68, , 28, 7, 15
2019/3/20, 145, 32, , 9, 2, 5
2019/3/21, 31, 31, , 19, 3, 4
2019/3/22, 54, 32, , 8, 3, 3
2019/3/23, 31, 59, , 17, 6, 5
2019/3/24, 101, 66, , 21, 6, 6
2019/3/25, 114, 88, , 30, 9, 11
2019/3/26, 157, 84, , 25, 7, 11
2019/3/27, 139, 37, , 13, 4, 4
2019/3/28, 55, 58, , 19, 6, 6
2019/3/29, 65, 39, , 6, 2, 2
2019/3/30, 22, 34, , 16, 3, 3
2019/3/31, 43, 41, , 16, 10, 9
2018/10/1, 44, 27, , 16, 2, 4
2018/10/2, 50, 48, , 28, 4, 5
2018/10/3, 85, 60, , 23, 11, 8
2018/10/4, 130, 60, , 22, 9, 7
2018/10/5, 139, 43, , 13, 3, 4
2018/10/6, 60, 47, , 22, 3, 5
2018/10/7, 66, 52, , 29, 6, 6
2018/10/8, 99, 30, , 9, 1, 2
2018/10/9, 35, 30, , 15, 2, 4
2018/10/10, 47, 27, , 16, 2, 3
2018/10/11, 54, 64, , 32, 6, 9
2018/10/12, 162, 85, , 33, 11, 12
2018/10/13, 163, 78, , 35, 6, 8
2018/10/14, 165, 81, , 34, 8, 13
2018/10/15, 171, 45, , 22, 4, 15
2018/10/16, 136, 50, , 28, 12, 14
2018/10/17, 101, 53, , 30, 7, 12
2018/10/18, 118, 59, , 31, 7, 8
2018/10/19, 137, 69, , 31, 11, 10
2018/10/20, 163, 82, , 38, 9, 11
2018/10/21, 177, 81, , 25, 7, 9
2018/10/22, 167, 44, , 18, 3, 4
2018/10/23, 57, 91, , 39, 11, 13
2018/10/24, 159, 95, , 42, 9, 13
2018/10/25, 182, 47, , 9, 2, 2
2018/10/26, 43, 38, , 17, 4, 3
2018/10/27, 56, 41, , 12, 3, 3
2018/10/28, 47, 29, , 12, 2, 3
2018/10/29, 35, 49, , 24, 3, 6
2018/10/30, 82, 51, , 28, 7, 8
2018/10/31, 103, 67, , 39, 8, 15
2018/11/1, 153, 77, , 42, 18, 15
2018/11/2, 174, 89, , 39, 13, 15
2018/11/3, 191, 103, , 30, 6, 12
2018/11/4, 163, 39, , 14, 5, 7
2018/11/5, 73, 36, , 21, 3, 6
2018/11/6, 82, 56, , 30, 6, 8
2018/11/7, 119, 61, , 26, 9, 11
2018/11/8, 147, 50, , 19, 4, 7
2018/11/9, 134, 49, , 19, 7, 9
2018/11/10, 60, 46, , 22, 5, 9
2018/11/11, 99, 69, , 30, 8, 13
2018/11/12, 165, 77, , 35, 12, 18
2018/11/13, 198, , , 35, 8, 23
2018/11/14, 231, 33, , 25, 5, 18
2018/11/15, 175, 20, , 16, 4, 4
2018/11/16, 56, 54, , 26, 9, 8
2018/11/17, 137, 78, , 26, 5, 9
2018/11/18, 149, 84, , 33, 9, 14
2018/11/19, 172, 74, , 29, 8, 12
2018/11/20, 152, 42, , 19, 5, 10
2018/11/21, 84, 60, , 28, 6, 10
2018/11/22, 131, 82, , 36, 13, 17
2018/11/23, 168, 80, , 30, 10, 14
2018/11/24, 175, 117, , 45, 12, 18
2018/11/25, 234, 168, , 37, 8, 20
2018/11/26, 309, 228, , 27, 4, 11
2018/11/27, 173, 116, , 34, 10, 10
2018/11/28, 131, 72, , 24, 9, 7
2018/11/29, 97, 94, , 31, 7, 9
2018/11/30, 122, 129, , 42, 12, 20
2018/12/1, 186, 92, , 35, 8, 23
2018/12/2, 184, 201, , 14, 3, 9
2018/12/3, 127, 69, , 18, 4, 4
2018/12/4, 60, 69, , 25, 6, 5
2018/12/5, 87, 41, , 14, 5, 5
2018/12/6, 65, 29, , 12, 3, 2
2018/12/7, 44, 40, , 16, 4, 3
2018/12/8, 49, 59, , 24, 10, 7
2018/12/9, 127, 63, , 38, 12, 11
2018/12/10, 145, 56, , 21, 5, 7
2018/12/11, 90, 80, , 31, 12, 11
2018/12/12, 140, 47, , 23, 6, 7
2018/12/13, 79, 53, , 33, 12, 10
2018/12/14, 124, 102, , 36, 14, 15
2018/12/15, 199, 176, , 59, 18, 25
2018/12/16, 313, 53, , 25, 6, 7
2018/12/17, 96, 65, , 29, 9, 12
2018/12/18, 116, 65, , 37, 7, 12
2018/12/19, 117, 72, , 40, 9, 14
2018/12/20, 134, 77, , 34, 10, 12
2018/12/21, 135, 74, , 32, 9, 13
2018/12/22, 134, 49, , 12, 4, 6
2018/12/23, 51, 67, , 29, 11, 12
2018/12/24, 127, 67, , 25, 9, 13
2018/12/25, 111, 50, , 19, 7, 9
2018/12/26, 70, 49, , 11, 3, 5
2018/12/27, 47, 45, , 12, 3, 4
2018/12/28, 46, 44, , 21, 6, 5
2018/12/29, 77, 42, , 26, 7, 8
2018/12/30, 79, , , , , 
2018/7/1, 125, 45, , 9, 2, 7
2018/7/2, 102, 40, , 11, 1, 6
2018/7/3, 83, 57, , 13, 3, 8
2018/7/4, 115, 72, , 13, 2, 8
2018/7/5, 118, 60, , 14, 10, 17
2018/7/6, 136, 46, , 11, 6, 9
2018/7/7, 97, 46, , 7, 1, 6
2018/7/8, 127, 33, , 11, 4, 6
2018/7/9, 98, 27, , 9, 2, 5
2018/7/10, 69, 39, , 11, 2, 6
2018/7/11, 93, 59, , 13, 1, 10
2018/7/12, 129, 41, , 14, 1, 6
2018/7/13, 104, 32, , 8, 1, 7
2018/7/14, 91, 47, , 7, 1, 6
2018/7/15, 107, 54, , 7, 1, 7
2018/7/16, 119, 55, , 11, 1, 8
2018/7/17, 121, 57, , 9, 1, 7
2018/7/18, 117, 70, , 10, 2, 7
2018/7/19, 139, 61, , 9, 2, 6
2018/7/20, 122, 64, , 7, 4, 7
2018/7/21, 112, 72, , 11, 6, 9
2018/7/22, 134, 47, , 11, 4, 5
2018/7/23, 102, 28, , 3, , 5
2018/7/24, 47, 36, , 7, 1, 13
2018/7/25, 70, 43, , 7, 2, 14
2018/7/26, 93, 47, , 6, 3, 8
2018/7/27, 114, 53, , 8, 4, 11
2018/7/28, 128, 55, , 8, 3, 10
2018/7/29, 152, 55, , 9, 4, 14
2018/7/30, 131, 56, , 11, 2, 9
2018/7/31, 130, 74, , 12, 3, 14
2018/8/1, 152, 51, , 10, 5, 20
2018/8/2, 145, 62, , 10, 5, 12
2018/8/3, 127, 53, , 7, 5, 10
2018/8/4, 115, 43, , 5, 1, 7
2018/8/5, 76, 41, , 9, 2, 9
2018/8/6, 67, 38, , 12, 1, 12
2018/8/7, 96, 17, , 10, , 13
2018/8/8, 90, 36, , 9, 1, 12
2018/8/9, 72, 56, , 14, 2, 11
2018/8/10, 124, 55, , 10, 4, 10
2018/8/11, 132, 54, , 7, 2, 9
2018/8/12, 130, 51, , 8, 2, 8
2018/8/13, 119, 12, , 8, 1, 6
2018/8/14, 40, 23, , 4, 2, 5
2018/8/15, 42, 40, , 7, 7, 5
2018/8/16, 54, 47, , 12, 6, 6
2018/8/17, 65, 51, , 12, 5, 10
2018/8/18, 92, 21, , 8, 2, 5
2018/8/19, 52, 31, , 3, 2, 6
2018/8/20, 65, 34, , 7, 2, 4
2018/8/21, 62, 44, , 21, 4, 9
2018/8/22, 72, 53, , 16, 6, 9
2018/8/23, 106, 46, , 14, 6, 11
2018/8/24, 91, 51, , 14, 6, 8
2018/8/25, 91, 64, , 15, 7, 12
2018/8/26, 118, 49, , 13, 6, 8
2018/8/27, 86, 51, , 12, 3, 8
2018/8/28, 90, 37, , 11, 2, 5
2018/8/29, 67, 36, , 19, 2, 7
2018/8/30, 64, 38, , 19, 3, 8
2018/8/31, 95, 37, , 12, 4, 8
2018/9/1, 88, 37, , 11, 3, 8
2018/9/2, 106, 13, , 13, 4, 7
2018/9/3, 118, 29, , 11, 2, 3
2018/9/4, 28, 53, , 20, 5, 8
2018/9/5, 61, 59, , 11, 5, 4
2018/9/6, 67, 30, , 13, 2, 3
2018/9/7, 28, 29, , 12, 3, 4
2018/9/8, 34, 38, , 15, 6, 5
2018/9/9, 48, 57, , 21, 10, 10
2018/9/10, 84, 51, , 12, 7, 6
2018/9/11, 92, 61, , 17, 9, 10
2018/9/12, 120, 70, , 20, 5, 11
2018/9/13, 133, 70, , 19, 3, 8
2018/9/14, 153, 43, , 13, 4, 8
2018/9/15, 86, 36, , 18, 4, 7
2018/9/16, 43, 60, , 25, 6, 8
2018/9/17, 94, 57, , 18, 6, 7
2018/9/18, 117, 62, , 21, 3, 11
2018/9/19, 158, 40, , 16, 6, 11
2018/9/20, 107, 48, , 15, 4, 9
2018/9/21, 85, 47, , 17, 4, 6
2018/9/22, 51, 34, , 10, 2, 5
2018/9/23, 27, 26, , 10, 4, 6
2018/9/24, 31, 29, , 15, 3, 7
2018/9/25, 39, 48, , 23, 6, 9
2018/9/26, 75, 54, , 24, 8, 14
2018/9/27, 108, 52, , 20, 2, 8
2018/9/28, 130, 32, , 14, 3, 6
2018/9/29, 57, 30, , 14, 3, 2
2018/9/30, 47, 30, , 15, 2, 3
2018/4/1, 221, 130, , 22, 6, 14
2018/4/2, 213, 103, , 11, 2, 5
2018/4/3, 57, 34, , 17, 2, 9
2018/4/4, 83, 61, , 15, 1, 7
2018/4/5, 121, 64, , 8, 1, 4
2018/4/6, 72, 33, , 11, 1, 4
2018/4/7, 45, 50, , 20, 6, 9
2018/4/8, 90, 92, , 35, 10, 13
2018/4/9, 158, 103, , 25, 7, 13
2018/4/10, 125, 39, , 15, 2, 6
2018/4/11, 56, 73, , 24, 4, 8
2018/4/12, 83, 50, , 24, 3, 8
2018/4/13, 91, 105, , 8, 1, 3
2018/4/14, 73, 92, , 15, 1, 3
2018/4/15, 75, 106, , 21, 6, 8
2018/4/16, 149, 127, , 17, 6, 9
2018/4/17, 154, 121, , 17, 5, 9
2018/4/18, 155, 107, , 17, 6, 11
2018/4/19, 155, 102, , 28, 5, 14
2018/4/20, 165, 80, , 21, 4, 12
2018/4/21, 146, 27, , 10, 1, 7
2018/4/22, 53, 36, , 17, 1, 7
2018/4/23, 71, 38, , 21, , 6
2018/4/24, 77, 57, , 22, 5, 8
2018/4/25, 121, 88, , 27, 9, 12
2018/4/26, 169, 124, , 18, 4, 6
2018/4/27, 99, 102, , 14, 7, 10
2018/4/28, 175, 73, , 17, 4, 8
2018/4/29, 131, 61, , 13, 3, 9
2018/4/30, 78, 84, , 19, 6, 11
2018/5/1, 125, 40, , 12, 1, 6
2018/5/2, 96, 44, , 12, 1, 3
2018/5/3, 64, 69, , 16, 6, 7
2018/5/4, 93, 92, , 14, 4, 8
2018/5/5, 85, 86, , 15, 3, 9
2018/5/6, 128, 81, , 16, 4, 7
2018/5/7, 106, 66, , 23, 5, 8
2018/5/8, 81, 68, , 25, 6, 8
2018/5/9, 107, 90, , 15, 5, 7
2018/5/10, 133, 75, , 19, 5, 8
2018/5/11, 156, 72, , 11, 3, 7
2018/5/12, 160, 62, , 15, 3, 9
2018/5/13, 128, 90, , 16, 4, 10
2018/5/14, 145, 80, , 18, 5, 12
2018/5/15, 143, 63, , 19, 1, 13
2018/5/16, 152, 62, , 12, 6, 8
2018/5/17, 89, 66, , 20, 10, 12
2018/5/18, 117, 64, , 20, 5, 11
2018/5/19, 99, 49, , 19, 2, 8
2018/5/20, 121, 41, , 15, 2, 9
2018/5/21, 95, 107, , 10, 1, 5
2018/5/22, 117, 185, , 14, 4, 6
2018/5/23, 141, 96, , 11, 3, 6
2018/5/24, 124, 80, , 9, 3, 7
2018/5/25, 131, 85, , 12, 4, 10
2018/5/26, 156, 96, , 9, 1, 3
2018/5/27, 111, 122, , 12, 3, 4
2018/5/28, 94, 61, , 19, 3, 8
2018/5/29, 78, 61, , 17, 4, 8
2018/5/30, 79, 62, , 22, 5, 7
2018/5/31, 88, 65, , 20, 8, 7
2018/6/1, 99, 74, , 19, 10, 9
2018/6/2, 118, 90, , 14, 5, 8
2018/6/3, 136, 67, , 16, 3, 7
2018/6/4, 103, 99, , 14, 7, 8
2018/6/5, 113, 109, , 14, 6, 9
2018/6/6, 136, 53, , 13, 2, 9
2018/6/7, 110, 35, , 15, 1, 4
2018/6/8, 51, 29, , 13, 1, 5
2018/6/9, 58, 35, , 10, 1, 8
2018/6/10, 83, 56, , 12, 2, 7
2018/6/11, 142, 61, , 14, 3, 7
2018/6/12, 132, 38, , 14, 1, 8
2018/6/13, 105, 49, , 13, 3, 11
2018/6/14, 127, 37, , 13, 2, 13
2018/6/15, 109, 59, , 12, 2, 7
2018/6/16, 130, 49, , 15, 2, 7
2018/6/17, 112, 75, , 14, 2, 9
2018/6/18, 158, 56, , 11, 1, 8
2018/6/19, 127, 49, , 15, 2, 8
2018/6/20, 111, 69, , 23, 4, 10
2018/6/21, 125, 69, , 17, 2, 9
2018/6/22, 144, 65, , 13, 2, 7
2018/6/23, 108, 60, , 12, 2, 6
2018/6/24, 102, 77, , 19, 4, 11
2018/6/25, 142, 59, , 11, , 9
2018/6/26, 137, 53, , 11, 2, 7
2018/6/27, 112, 28, , 10, 2, 3
2018/6/28, 42, 57, , 12, 5, 7
2018/6/29, 73, 63, , 12, 6, 7
2018/6/30, 107, 57, , 12, 3, 13
2018/1/1, 131, 46, , 26, 11, 12
2018/1/2, 111, 20, , 13, 2, 3
2018/1/3, 38, 31, , 21, 7, 8
2018/1/4, 60, 82, , 35, 13, 14
2018/1/5, 153, 64, , 36, 13, 17
2018/1/6, 117, 92, , 41, 23, 24
2018/1/7, 191, 50, , 9, 3, 4
2018/1/8, 56, 47, , 16, 5, 7
2018/1/9, 67, 20, , 8, 2, 3
2018/1/10, 29, 21, , 13, 4, 4
2018/1/11, 34, 69, , 29, 16, 13
2018/1/12, 150, 83, , 33, 14, 15
2018/1/13, 176, 98, , 38, 13, 17
2018/1/14, 194, 56, , 29, 9, 15
2018/1/15, 122, 67, , 28, 5, 12
2018/1/16, 93, 83, , 37, 13, 20
2018/1/17, 151, 69, , 37, 8, 17
2018/1/18, 133, 104, , 47, 16, 24
2018/1/19, 197, 71, , 36, 10, 17
2018/1/20, 141, 49, , 19, 5, 6
2018/1/21, 68, 47, , 23, 11, 14
2018/1/22, 124, 32, , 12, 3, 6
2018/1/23, 59, 43, , 27, 7, 10
2018/1/24, 102, 48, , 27, 10, 13
2018/1/25, 116, 46, , 26, 12, 8
2018/1/26, 136, 57, , 27, 28, 11
2018/1/27, 157, 45, , 17, 6, 7
2018/1/28, 78, 59, , 17, 4, 7
2018/1/29, 75, 60, , 29, 12, 14
2018/1/30, 137, 56, , 15, 4, 7
2018/1/31, 52, 72, , 26, 14, 14
2018/2/1, 127, 36, , 7, 2, 3
2018/2/2, 35, 22, , 9, 2, 4
2018/2/3, 41, 25, , 13, 4, 5
2018/2/4, 47, 25, , 10, 4, 8
2018/2/5, 46, 39, , 19, 7, 7
2018/2/6, 87, 55, , 20, 9, 12
2018/2/7, 110, 53, , 25, 10, 12
2018/2/8, 128, 102, , 20, 8, 9
2018/2/9, 111, 37, , 10, 3, 6
2018/2/10, 36, 53, , 15, 4, 5
2018/2/11, 47, 57, , 17, 6, 8
2018/2/12, 74, 75, , 25, 18, 13
2018/2/13, 143, 50, , 12, 6, 8
2018/2/14, 84, 81, , 16, 18, 13
2018/2/15, 157, 107, , 15, 19, 12
2018/2/16, 174, 70, , 22, 22, 19
2018/2/17, 153, 83, , 25, 12, 20
2018/2/18, 173, 92, , 18, 6, 19
2018/2/19, 184, 73, , 17, 9, 17
2018/2/20, 157, 77, , 20, 12, 19
2018/2/21, 166, 79, , 22, 8, 13
2018/2/22, 151, 90, , 26, 14, 14
2018/2/23, 158, 30, , 10, 4, 4
2018/2/24, 38, 41, , 19, 12, 7
2018/2/25, 95, 106, , 31, 12, 18
2018/2/26, 201, 97, , 23, 7, 15
2018/2/27, 191, 94, , 22, 8, 12
2018/2/28, 181, 41, , 9, 6, 6
2018/3/1, 45, 79, , 24, 13, 13
2018/3/2, 130, 97, , 19, 5, 13
2018/3/3, 189, 102, , 15, 4, 8
2018/3/4, 102, 59, , 21, 9, 9
2018/3/5, 83, 45, , 21, 8, 8
2018/3/6, 72, 53, , 25, 7, 10
2018/3/7, 102, 50, , 22, 10, 13
2018/3/8, 115, 64, , 24, 11, 10
2018/3/9, 136, 86, , 28, 9, 14
2018/3/10, 150, 63, , 25, 6, 10
2018/3/11, 141, 95, , 36, 9, 16
2018/3/12, 196, 191, , 60, 15, 29
2018/3/13, 342, 94, , 37, 10, 19
2018/3/14, 203, 78, , 13, 5, 9
2018/3/15, 102, 39, , 20, 7, 8
2018/3/16, 68, 38, , 31, 14, 9
2018/3/17, 99, 69, , 30, 3, 10
2018/3/18, 163, 66, , 27, 6, 12
2018/3/19, 146, 43, , 16, 5, 5
2018/3/20, 59, 50, , 23, 8, 7
2018/3/21, 83, 67, , 31, 13, 12
2018/3/22, 146, 106, , 43, 13, 15
2018/3/23, 193, 93, , 43, 9, 18
2018/3/24, 217, 71, , 29, 11, 10
2018/3/25, 167, 79, , 20, 10, 9
2018/3/26, 162, 88, , 18, 8, 9
2018/3/27, 147, 284, , 15, 5, 8
2018/3/28, 129, 83, , 20, 8, 9
2018/3/29, 74, 62, , 34, 7, 8
2018/3/30, 121, 104, , 41, 9, 19
2018/3/31, 183, 128, , 46, 5, 18
2017/10/1, 141, 49, , 12, 6, 6
2017/10/2, 51, 36, , 16, 6, 6
2017/10/3, 60, 53, , 16, 6, 6
2017/10/4, 116, 51, , 13, 5, 6
2017/10/5, 103, 61, , 18, 6, 6
2017/10/6, 131, 76, , 29, 7, 12
2017/10/7, 172, , , 21, 2, 8
2017/10/8, 167, 7, , 13, 2, 6
2017/10/9, 95, 12, , 11, 2, 4
2017/10/10, 35, 41, , 19, 2, 6
2017/10/11, 67, 50, , 25, 4, 7
2017/10/12, 104, 70, , 30, 5, 11
2017/10/13, 166, 51, , 25, 6, 9
2017/10/14, 107, 62, , 28, 6, 9
2017/10/15, 152, 39, , 22, 6, 8
2017/10/16, 109, 48, , 30, 6, 8
2017/10/17, 96, 45, , 28, 6, 8
2017/10/18, 137, 66, , 25, 4, 15
2017/10/19, 160, 74, , 35, 4, 17
2017/10/20, 168, 52, , 29, 5, 13
2017/10/21, 136, 43, , 22, 9, 12
2017/10/22, 81, 42, , 24, 6, 9
2017/10/23, 77, 56, , 32, 7, 11
2017/10/24, 131, 75, , 38, 8, 13
2017/10/25, 162, 107, , 36, 7, 17
2017/10/26, 209, 138, , 39, 4, 22
2017/10/27, 256, 59, , 20, 1, 14
2017/10/28, 134, 24, , 14, 3, 3
2017/10/29, 44, 49, , 29, 5, 11
2017/10/30, 101, 72, , 37, 7, 10
2017/10/31, 154, 78, , 39, 6, 14
2017/11/1, 151, 90, , 45, 11, 18
2017/11/2, 181, 27, , 28, 6, 10
2017/11/3, 96, 53, , 34, 5, 11
2017/11/4, 116, 61, , 31, 7, 10
2017/11/5, 146, 74, , 39, 10, 13
2017/11/6, 165, 82, , 34, 3, 16
2017/11/7, 145, 34, , 29, 5, 11
2017/11/8, 59, 65, , 33, 8, 13
2017/11/9, 121, 49, , 15, 4, 8
2017/11/10, 64, 33, , 19, 3, 8
2017/11/11, 81, 77, , 35, 12, 16
2017/11/12, 160, 69, , 26, 6, 14
2017/11/13, 110, 24, , 16, 1, 6
2017/11/14, 36, 35, , 23, 2, 9
2017/11/15, 66, 57, , 34, 7, 12
2017/11/16, 106, 56, , 23, 3, 7
2017/11/17, 87, 35, , 13, 3, 3
2017/11/18, 68, 85, , 38, 8, 11
2017/11/19, 170, 124, , 47, 21, 20
2017/11/20, 226, 104, , 40, 13, 18
2017/11/21, 204, 38, , 12, 1, 3
2017/11/22, 43, 38, , 13, 3, 4
2017/11/23, 52, 37, , 18, 5, 6
2017/11/24, 71, 67, , 33, 9, 12
2017/11/25, 142, 36, , 15, 2, 5
2017/11/26, 51, 69, , 32, 15, 13
2017/11/27, 139, 74, , 24, 10, 13
2017/11/28, 115, 34, , 18, 2, 6
2017/11/29, 46, 37, , 24, 2, 6
2017/11/30, 70, 70, , 35, 12, 11
2017/12/1, 152, 118, , 45, 11, 19
2017/12/2, 209, 88, , 36, 7, 16
2017/12/3, 197, 20, , 15, 2, 4
2017/12/4, 40, 64, , 29, 11, 10
2017/12/5, 136, 72, , 37, 9, 12
2017/12/6, 144, 26, , 19, 2, 5
2017/12/7, 56, 45, , 22, 8, 7
2017/12/8, 95, 96, , 42, 22, 17
2017/12/9, 179, 42, , 13, 3, 5
2017/12/10, 64, 21, , 12, 2, 4
2017/12/11, 35, 28, , 19, 7, 9
2017/12/12, 57, 54, , 32, 15, 20
2017/12/13, 117, 57, , 34, 15, 19
2017/12/14, 140, 30, , 20, 6, 9
2017/12/15, 112, 45, , 12, 2, 4
2017/12/16, 38, 60, , 29, 10, 10
2017/12/17, 127, 53, , 19, 8, 8
2017/12/18, 93, 40, , 19, 7, 7
2017/12/19, 81, 53, , 28, 10, 10
2017/12/20, 110, 73, , 36, 14, 14
2017/12/21, 157, 74, , 35, 12, 18
2017/12/22, 144, 80, , 44, 23, 20
2017/12/23, 159, 55, , 19, 7, 10
2017/12/24, 81, 40, , 22, 6, 9
2017/12/25, 73, 44, , 24, 7, 10
2017/12/26, 92, 62, , 33, 16, 16
2017/12/27, 133, 110, , 35, 8, 25
2017/12/28, 194, 126, , 35, 7, 23
2017/12/29, 249, 121, , 41, 9, 30
2017/12/30, 263, 129, , 41, 11, 28
2017/12/31, 274, 67, , 29, 11, 13
2017/7/1, 174, 54, 70, 12, 4, 14
2017/7/2, 131, 54, 37, 17, 1, 23
2017/7/3, 140, 59, 39, 21, 3, 24
2017/7/4, 139, 66, 102, 11, 3, 5
2017/7/5, 137, 91, 39, 16, 13, 11
2017/7/6, 164, 67, 86, 10, , 12
2017/7/7, 158, 88, 111, 16, 1, 12
2017/7/8, 158, 76, 96, 14, 1, 9
2017/7/9, 157, 51, 117, 18, 3, 8
2017/7/10, 109, 90, 135, 28, 6, 13
2017/7/11, 154, 70, 100, 11, 2, 6
2017/7/12, 129, 69, 96, 12, 2, 7
2017/7/13, 114, 91, 137, 15, 2, 9
2017/7/14, 116, 78, 52, 14, 1, 12
2017/7/15, 131, 59, 61, 11, 1, 7
2017/7/16, 130, 46, 51, 12, 1, 6
2017/7/17, 93, 80, 61, 14, , 8
2017/7/18, 158, 53, 69, 11, , 7
2017/7/19, 137, 81, 61, 14, 12, 8
2017/7/20, 141, 49, 26, 14, , 10
2017/7/21, 86, 42, 36, 20, , 13
2017/7/22, 93, 54, 75, 16, , 9
2017/7/23, 128, 76, 74, 20, 1, 14
2017/7/24, 169, 52, 51, 17, 4, 14
2017/7/25, 111, 54, 40, 24, 4, 12
2017/7/26, 83, 66, 73, 16, 2, 16
2017/7/27, 157, 76, 50, 24, 7, 25
2017/7/28, 148, 37, 44, 12, 3, 20
2017/7/29, 107, 57, 87, 11, 4, 9
2017/7/30, 125, 59, 79, 13, 2, 15
2017/7/31, 142, 54, 30, 15, 2, 16
2017/8/1, 122, 44, 23, 11, 2, 11
2017/8/2, 81, 33, 55, 6, 10, 9
2017/8/3, 59, 65, 95, 18, 3, 10
2017/8/4, 126, 52, 60, 12, , 8
2017/8/5, 121, 52, 100, 13, 4, 7
2017/8/6, 95, 59, 101, 14, 5, 9
2017/8/7, 87, 59, 106, 15, 6, 12
2017/8/8, 111, 38, 84, 12, 6, 6
2017/8/9, 85, 60, 93, 12, 7, 11
2017/8/10, 131, 85, 95, 14, 7, 12
2017/8/11, 165, 71, 45, 18, 2, 17
2017/8/12, 136, 60, 24, 19, 1, 13
2017/8/13, 140, 40, 36, 14, 1, 9
2017/8/14, 77, 50, 71, 19, 1, 9
2017/8/15, 93, 54, 53, 20, 1, 12
2017/8/16, 122, 48, 69, 19, 4, 19
2017/8/17, 108, 53, 43, 18, 2, 11
2017/8/18, 120, 46, 40, 14, 1, 5
2017/8/19, 98, 55, 59, 13, 1, 10
2017/8/20, 133, 56, 66, 12, 1, 7
2017/8/21, 115, 75, 68, 19, 2, 14
2017/8/22, 152, 50, 49, 14, 3, 8
2017/8/23, 112, 51, , 20, 4, 9
2017/8/24, 109, 47, , 23, 4, 7
2017/8/25, 51, 57, , 21, 6, 7
2017/8/26, 65, 27, , 14, 3, 6
2017/8/27, 54, 28, , 13, 2, 6
2017/8/28, 74, 47, , 15, 6, 5
2017/8/29, 67, 33, , 7, 2, 3
2017/8/30, 59, 47, , 7, 1, 7
2017/8/31, 102, 61, , 11, 2, 7
2017/9/1, 136, 55, , 15, 2, 8
2017/9/2, 115, 64, , 14, 4, 7
2017/9/3, 121, 62, , 13, 3, 7
2017/9/4, 131, 65, , 11, 4, 8
2017/9/5, 140, 77, , 19, 5, 10
2017/9/6, 168, , , , , 
2017/9/11, 89, 62, , 15, 6, 10
2017/9/12, 111, 73, , 19, 9, 11
2017/9/13, 131, 64, , 15, 5, 8
2017/9/14, 132, 69, , 19, 5, 9
2017/9/15, 140, 90, , 22, 7, 14
2017/9/16, 181, 53, , 17, 3, 7
2017/9/17, 93, 75, , 23, 5, 9
2017/9/18, 135, 51, , 20, 3, 5
2017/9/19, 70, 60, , 28, 6, 10
2017/9/20, 75, 77, , 19, 9, 9
2017/9/21, 129, 74, , 17, 3, 5
2017/9/22, 77, 109, , 25, 8, 7
2017/9/23, 120, 107, , 20, 5, 12
2017/9/24, 177, 87, , 16, 3, 9
2017/9/25, 165, 61, , 14, 3, 5
2017/9/26, 109, 41, , 15, 8, 8
2017/9/27, 65, 37, , 15, 3, 4
2017/9/28, 48, 90, , 29, 12, 17
2017/9/29, 145, 84, , 21, 9, 16
2017/9/30, 156, 93, , 24, 6, 11
2017/4/1, 161, 95, 39, 43, 15, 13
2017/4/2, 175, 120, 75, 46, 20, 16
2017/4/3, 212, 90, 45, 33, 23, 14
2017/4/4, 183, 69, 41, 23, 8, 13
2017/4/5, 162, 97, 55, 26, 11, 15
2017/4/6, 181, 89, 42, 26, 9, 18
2017/4/7, 160, 100, 19, 43, 11, 21
2017/4/8, 150, 75, 25, 35, 13, 16
2017/4/9, 138, 73, 46, 25, 13, 12
2017/4/10, 153, 69, 39, 22, 8, 13
2017/4/11, 144, 109, 46, 31, 13, 17
2017/4/12, 149, 123, 34, 37, 15, 21
2017/4/13, 152, 82, 46, 25, 14, 13
2017/4/14, 158, 108, 50, 38, 16, 12
2017/4/15, 162, 130, 43, 39, 15, 12
2017/4/16, 178, 126, 45, 18, 7, 10
2017/4/17, 175, 97, 44, 12, 3, 4
2017/4/18, 99, 90, 28, 33, 6, 7
2017/4/19, 148, 105, 42, 30, 10, 10
2017/4/20, 146, 65, 44, 22, 9, 7
2017/4/21, 119, 91, 51, 21, 9, 9
2017/4/22, 149, 79, 45, 17, 7, 7
2017/4/23, 131, 90, 47, 28, 12, 15
2017/4/24, 159, 47, 33, 19, 5, 6
2017/4/25, 82, 61, 44, 26, 10, 11
2017/4/26, 102, 64, 50, 25, 7, 10
2017/4/27, 111, 66, 53, 23, 9, 7
2017/4/28, 120, 79, 50, 27, 8, 8
2017/4/29, 135, 159, 37, 22, 13, 10
2017/4/30, 152, 93, 43, 27, 11, 10
2017/5/1, 121, 107, 114, 35, 15, 15
2017/5/2, 146, 77, 62, 20, 9, 10
2017/5/3, 137, 586, 44, 18, 3, 7
2017/5/4, 280, 607, 49, 19, 7, 10
2017/5/5, 264, 99, 53, 19, 6, 9
2017/5/6, 117, 94, 65, 27, 7, 11
2017/5/7, 138, 143, 83, 27, 10, 13
2017/5/8, 169, 71, 72, 14, 7, 8
2017/5/9, 132, 64, 71, 21, 7, 9
2017/5/10, 132, 125, 60, 27, 8, 10
2017/5/11, 160, 207, 68, 14, 6, 7
2017/5/12, 158, 101, 46, 14, 5, 8
2017/5/13, 119, 55, 54, 17, 8, 9
2017/5/14, 92, 67, 51, 20, 7, 7
2017/5/15, 101, 70, 79, 23, 10, 9
2017/5/16, 114, 78, 116, 19, 8, 9
2017/5/17, 138, 91, 113, 24, 8, 9
2017/5/18, 149, 103, 104, 21, 9, 10
2017/5/19, 146, 87, 114, 21, 8, 9
2017/5/20, 152, 70, 51, 21, 7, 13
2017/5/21, 141, 48, 26, 18, 4, 8
2017/5/22, 117, 47, 61, 17, 3, 7
2017/5/23, 104, 59, 65, 24, 6, 8
2017/5/24, 123, 70, 39, 18, 5, 8
2017/5/25, 96, 60, 82, 23, 12, 5
2017/5/26, 94, 93, 104, 41, 9, 11
2017/5/27, 146, 112, 113, 33, 10, 15
2017/5/28, 168, 97, 54, 16, 7, 8
2017/5/29, 124, 68, 53, 22, 3, 14
2017/5/30, 133, 84, 77, 25, 6, 10
2017/5/31, 156, 61, 56, 18, 9, 14
2017/6/1, 124, 54, 28, 16, 4, 6
2017/6/2, 87, 45, 49, 22, 14, 12
2017/6/3, 97, 57, 81, 29, 13, 8
2017/6/4, 116, 74, 66, 28, 15, 8
2017/6/5, 134, 46, 37, 20, 3, 7
2017/6/6, 116, 49, 75, 18, 4, 7
2017/6/7, 133, 73, 80, 25, 8, 10
2017/6/8, 138, 73, 97, 11, 5, 25
2017/6/9, 114, 52, 34, 11, 5, 20
2017/6/10, 63, 60, 62, 23, 10, 16
2017/6/11, 81, 57, 61, 17, 5, 15
2017/6/12, 101, 55, 50, 22, 6, 19
2017/6/13, 130, 65, 109, 31, 7, 12
2017/6/14, 140, 77, 110, 14, 8, 5
2017/6/15, 145, 78, 104, 12, 4, 9
2017/6/16, 147, 72, 89, 17, 6, 11
2017/6/17, 146, 68, 102, 12, 6, 11
2017/6/18, 139, 74, 112, 12, 7, 6
2017/6/19, 156, 57, 105, 12, 4, 5
2017/6/20, 113, 63, 81, 16, 7, 10
2017/6/21, 124, 54, 52, 15, 1, 12
2017/6/22, 131, 29, 44, 9, , 11
2017/6/23, 103, 51, 47, 10, 1, 17
2017/6/24, 143, 63, 98, 16, 2, 16
2017/6/25, 144, 57, 106, 20, 2, 11
2017/6/26, 126, 74, 122, 18, 7, 15
2017/6/27, 166, 82, 117, 18, 5, 14
2017/6/28, 162, 81, 101, 17, 4, 14
2017/6/29, 167, 69, 109, 15, 2, 12
2017/6/30, 161, 84, 126, 14, 2, 15
2017/1/2, 363, 203, 5, 54, 15, 56
2017/1/3, 335, 203, 3, 66, 12, 71
2017/1/4, 313, 111, 10, 35, 15, 25
2017/1/5, 181, 92, 6, 43, 22, 19
2017/1/6, 172, 136, 6, 49, 19, 29
2017/1/7, 231, 121, 17, 36, 13, 27
2017/1/8, 200, 52, 25, 22, 11, 11
2017/1/9, 92, 67, 25, 24, 9, 14
2017/1/10, 104, 104, 15, 43, 23, 22
2017/1/11, 199, 125, 8, 53, 28, 31
2017/1/12, 233, 28, 28, 15, 5, 8
2017/1/13, 68, 36, 19, 18, 9, 10
2017/1/14, 60, 29, 19, 23, 15, 8
2017/1/15, 79, 65, 3, 34, 14, 18
2017/1/16, 145, 95, 3, 35, 18, 28
2017/1/17, 185, 88, 13, 37, 21, 26
2017/1/18, 183, 71, 28, 24, 14, 19
2017/1/19, 130, 30, 28, 16, 6, 9
2017/1/20, 70, 53, 28, 22, 15, 12
2017/1/21, 97, 36, 25, 18, 7, 10
2017/1/22, 83, 59, 18, 35, 27, 16
2017/1/23, 142, 72, 16, 39, 17, 25
2017/1/24, 164, 138, 19, 43, 38, 26
2017/1/25, 257, 173, 25, 38, 21, 30
2017/1/26, 289, 61, 31, 14, 16, 8
2017/1/27, 106, 177, 13, 29, 44, 18
2017/1/28, 267, 84, 29, 15, 11, 12
2017/1/29, 139, 22, 30, 11, 4, 6
2017/1/30, 54, 65, 32, 20, 16, 14
2017/1/31, 156, 47, 30, 15, 12, 9
2017/2/1, 102, 73, 32, 26, 18, 15
2017/2/2, 164, 116, 35, 34, 19, 20
2017/2/3, 218, 134, 21, 23, 10, 18
2017/2/4, 239, 48, 33, 16, 6, 12
2017/2/5, 122, 32, 28, 17, 8, 12
2017/2/6, 70, 47, 18, 28, 18, 15
2017/2/7, 127, 70, 34, 20, 8, 13
2017/2/8, 113, 35, 33, 9, 3, 9
2017/2/9, 60, 35, 33, 12, 3, 8
2017/2/10, 60, 90, 31, 26, 15, 11
2017/2/11, 132, 143, 17, 51, 37, 22
2017/2/12, 235, 190, 22, 56, 25, 28
2017/2/13, 280, 91, 17, 45, 17, 23
2017/2/14, 182, 217, 10, 68, 23, 32
2017/2/15, 293, 233, 14, 50, 20, 30
2017/2/16, 260, 56, 32, 19, 6, 9
2017/2/17, 88, 96, 27, 39, 25, 20
2017/2/18, 175, 120, 33, 34, 17, 18
2017/2/19, 190, 41, 34, 13, 3, 7
2017/2/20, 64, 68, 12, 40, 21, 18
2017/2/21, 152, 124, 30, 36, 15, 29
2017/2/22, 207, 39, 34, 19, 6, 12
2017/2/23, 86, 72, 33, 33, 12, 18
2017/2/24, 149, 51, 34, 35, 9, 14
2017/2/25, 108, 75, 30, 37, 14, 20
2017/2/26, 142, 100, 32, 45, 25, 23
2017/2/27, 180, 85, 36, 37, 14, 18
2017/2/28, 133, 67, 37, 23, 9, 16
2017/3/1, 106, 65, 35, 26, 9, 11
2017/3/2, 103, 101, 24, 34, 14, 11
2017/3/3, 162, 106, 30, 42, 17, 16
2017/3/4, 178, 70, 34, 25, 9, 12
2017/3/5, 135, 52, 32, 19, 7, 7
2017/3/6, 95, 33, 33, 12, 3, 5
2017/3/7, 59, 48, 39, 25, 6, 9
2017/3/8, 90, 53, 38, 27, 9, 11
2017/3/9, 102, 93, 39, 42, 23, 16
2017/3/10, 167, 113, 3, 57, 35, 24
2017/3/11, 183, 43, 2, 23, 11, 16
2017/3/13, 82, 83, 27, 39, 17, 17
2017/3/14, 141, 80, 42, 41, 25, 15
2017/3/15, 152, 106, 62, 42, 25, 17
2017/3/16, 166, 104, 44, 41, 16, 13
2017/3/17, 190, 169, 53, 63, 19, 26
2017/3/18, 268, 145, 62, 53, 26, 23
2017/3/19, 271, 116, 32, 37, 16, 11
2017/3/20, 171, 89, 49, 29, 14, 12
2017/3/21, 163, 131, 38, 40, 29, 16
2017/3/22, 189, 80, 26, 38, 11, 15
2017/3/23, 180, 58, 33, 25, 5, 11
2017/3/24, 148, 80, 27, 27, 7, 18
2017/3/25, 170, 36, 36, 18, 4, 7
2017/3/26, 95, 40, 39, 20, 4, 6
2017/3/27, 87, 67, 49, 35, 13, 10
2017/3/28, 140, 85, 49, 27, 11, 10
2017/3/29, 170, 105, 28, 35, 14, 15
2017/3/30, 169, 68, 41, 29, 9, 10
2017/3/31, 133, 86, 40, 27, 13, 11
2016/10/1, 174, 100, 46, 36, 15, 13
2016/10/2, 161, 93, 40, 26, 12, 14
2016/10/3, 176, 51, 34, 14, 5, 9
2016/10/4, 92, 47, 25, 21, 7, 15
2016/10/5, 103, 39, 29, 18, 4, 8
2016/10/6, 83, 41, 14, 22, 4, 13
2016/10/7, 103, 24, 24, 16, 3, 7
2016/10/8, 66, 54, 17, 31, 10, 11
2016/10/9, 98, 80, 11, 37, 17, 15
2016/10/10, 159, 76, 16, 28, 9, 11
2016/10/11, 147, 41, 28, 29, 6, 10
2016/10/12, 109, 128, 30, 47, 15, 21
2016/10/13, 228, 54, 36, 12, 9, 5
2016/10/14, 125, 92, 23, 28, 18, 9
2016/10/15, 167, 59, 25, 11, 4, 6
2016/10/16, 139, 73, 28, 21, 7, 12
2016/10/17, 148, 80, 37, 31, 12, 14
2016/10/18, 174, 106, 52, 38, 7, 16
2016/10/19, 227, 28, 21, 19, 4, 10
2016/10/20, 114, 50, 10, 26, 11, 19
2016/10/21, 111, 34, 18, 19, 5, 17
2016/10/22, 102, 49, 16, 23, 7, 11
2016/10/23, 99, 80, 9, 40, 16, 20
2016/10/24, 173, 91, 6, 36, 15, 22
2016/10/25, 184, 72, 12, 24, 5, 14
2016/10/26, 114, 62, 4, 31, 6, 18
2016/10/27, 101, 22, 22, 15, 1, 6
2016/10/28, 48, 48, 20, 25, 5, 10
2016/10/29, 78, 72, 16, 25, 10, 10
2016/10/30, 140, 29, 23, 11, 2, 5
2016/10/31, 42, 71, 18, 31, 13, 15
2016/11/1, 146, 91, 17, 34, 19, 14
2016/11/2, 177, 129, 7, 31, 10, 20
2016/11/3, 228, 141, 2, 34, 5, 23
2016/11/4, 236, 111, , 29, 4, 25
2016/11/5, 190, 54, , 20, 7, 9
2016/11/6, 114, 52, , 28, 5, 10
2016/11/7, 106, 50, 1, 24, 9, 13
2016/11/8, 98, 91, 1, 32, 20, 17
2016/11/9, 178, 106, 1, 29, 10, 16
2016/11/10, 196, 135, 1, 38, 16, 29
2016/11/11, 218, 83, 1, 28, 16, 22
2016/11/12, 141, 113, , 34, 9, 15
2016/11/13, 182, 88, 1, 26, 6, 14
2016/11/14, 150, 64, , 27, 14, 14
2016/11/15, 100, 131, 1, 42, 26, 19
2016/11/16, 205, 83, 5, 28, 7, 14
2016/11/17, 163, 148, 3, 38, 8, 24
2016/11/18, 220, 118, 16, 28, 7, 25
2016/11/19, 194, 48, 18, 17, 4, 9
2016/11/20, 104, 16, 24, 10, 3, 9
2016/11/21, 53, 26, 25, 11, 2, 7
2016/11/22, 33, 58, 20, 26, 12, 13
2016/11/23, 109, 118, 11, 36, 28, 22
2016/11/24, 194, 118, 8, 35, 22, 18
2016/11/25, 223, 181, 8, 42, 34, 25
2016/11/26, 258, 44, 19, 22, 6, 10
2016/11/27, 83, 81, 19, 35, 24, 20
2016/11/28, 155, 129, 8, 53, 26, 32
2016/11/29, 198, 238, 11, 51, 21, 34
2016/11/30, 332, 38, 25, 25, 7, 13
2016/12/1, 79, 103, 12, 42, 37, 22
2016/12/2, 190, 170, 11, 43, 19, 22
2016/12/3, 314, 240, 8, 49, 11, 34
2016/12/4, 374, 51, 20, 21, 12, 15
2016/12/5, 88, 95, 10, 35, 15, 17
2016/12/6, 179, 121, 10, 42, 18, 25
2016/12/7, 230, 94, 24, 30, 19, 16
2016/12/8, 161, 32, 21, 22, 6, 9
2016/12/9, 69, 87, 13, 40, 17, 18
2016/12/10, 173, 131, 8, 50, 44, 22
2016/12/11, 234, 183, 4, 50, 29, 27
2016/12/12, 300, 67, 11, 33, 21, 20
2016/12/13, 155, 46, 20, 30, 14, 15
2016/12/14, 108, 64, 24, 27, 14, 14
2016/12/15, 117, 95, 14, 37, 20, 19
2016/12/16, 184, 125, 11, 39, 16, 22
2016/12/17, 240, 192, 6, 60, 18, 46
2016/12/18, 335, 248, 5, 67, 7, 61
2016/12/19, 350, 184, 7, 66, 10, 62
2016/12/20, 332, 182, 4, 64, 11, 66
2016/12/21, 313, 209, 21, 39, 7, 51
2016/12/22, 197, 36, 24, 22, 7, 11
2016/12/23, 69, 66, 14, 39, 32, 13
2016/12/24, 154, 105, 2, 42, 41, 22
2016/12/25, 194, 85, 6, 35, 13, 22
2016/12/26, 180, 65, 16, 33, 9, 17
2016/12/27, 144, 61, 17, 31, 9, 12
2016/12/28, 143, 48, 21, 26, 6, 10
2016/12/29, 99, 130, 8, 36, 21, 26
2016/12/30, 233, 187, 4, 40, 17, 30
2016/12/31, 325, , , , , 
2016/7/1, 115, 47, 64, 9, 4, 3
2016/7/2, 90, 59, 60, 14, 7, 4
2016/7/3, 103, 66, 77, 15, 3, 7
2016/7/4, 136, 72, 118, 19, 5, 11
2016/7/5, 158, 70, 97, 22, 5, 10
2016/7/6, 134, 78, 94, 22, 3, 11
2016/7/7, 148, 57, 44, 20, 2, 10
2016/7/8, 109, 73, 62, 20, 1, 9
2016/7/9, 131, 74, 51, 11, 2, 8
2016/7/10, 142, 85, 52, 17, 3, 10
2016/7/11, 158, 87, 30, 21, 3, 8
2016/7/12, 137, 52, 77, 14, 3, 8
2016/7/13, 97, 66, 62, 25, 8, 9
2016/7/14, 120, 47, 40, 15, 3, 6
2016/7/15, 108, 63, 95, 17, 6, 8
2016/7/16, 130, 54, 85, 12, 5, 8
2016/7/17, 125, 52, 54, 18, 4, 5
2016/7/18, 82, 82, 35, 11, 1, 7
2016/7/19, 164, 32, 23, 5, , 4
2016/7/20, 71, 59, 23, 10, , 6
2016/7/21, 123, 68, 48, 18, 1, 8
2016/7/22, 151, 82, 27, 16, 1, 9
2016/7/23, 153, 71, 35, 14, 1, 8
2016/7/24, 131, 59, 22, 17, , 10
2016/7/25, 141, 33, 53, 7, 1, 8
2016/7/26, 76, 55, 44, 8, , 7
2016/7/27, 116, 66, 78, 9, , 7
2016/7/28, 119, 76, 68, 12, 2, 9
2016/7/29, 151, 72, 33, 11, 1, 9
2016/7/30, 150, 47, 50, 10, 1, 9
2016/7/31, 93, 53, 54, 9, 2, 9
2016/8/1, 116, 50, 65, 10, 2, 8
2016/8/2, 108, 61, 117, 18, 4, 15
2016/8/3, 126, 48, 60, 10, 3, 11
2016/8/4, 87, 51, 47, 17, 1, 8
2016/8/5, 103, 62, 44, 15, 1, 10
2016/8/6, 134, 46, 28, 7, 2, 10
2016/8/7, 101, 41, 51, 12, 2, 8
2016/8/8, 66, 64, 34, 24, 1, 8
2016/8/9, 131, 79, 32, 12, 1, 7
2016/8/10, 168, 68, 30, 11, 2, 6
2016/8/11, 148, 52, 27, 15, 2, 7
2016/8/12, 122, 48, 27, 24, 2, 6
2016/8/13, 98, 71, 42, 29, 3, 7
2016/8/14, 91, 49, 31, 19, 2, 10
2016/8/15, 107, 49, 70, 18, 3, 6
2016/8/16, 84, 64, 48, 23, 7, 8
2016/8/17, 114, 78, 24, 21, 3, 13
2016/8/18, 163, 38, 25, 11, 2, 12
2016/8/19, 88, 45, 66, 15, 5, 9
2016/8/20, 93, 73, 93, 21, 6, 9
2016/8/21, 134, 57, 66, 23, 9, 11
2016/8/22, 93, 64, 57, 15, 9, 8
2016/8/23, 104, 60, 30, 13, 2, 8
2016/8/24, 137, 36, 10, 7, 3, 3
2016/8/25, 74, 33, 14, 10, 7, 3
2016/8/26, 55, 45, 14, 13, 3, 4
2016/8/27, 66, 38, 14, 11, 2, 4
2016/8/28, 51, 52, 32, 9, 5, 5
2016/8/29, 76, 49, 50, 12, 6, 4
2016/8/30, 102, 48, 38, 8, 4, 3
2016/8/31, 92, 30, 20, 8, 2, 2
2016/9/1, 43, 42, 37, 15, 6, 5
2016/9/2, 72, 48, 56, 15, 8, 9
2016/9/3, 76, 43, 48, 10, 9, 8
2016/9/4, 82, 41, 66, 13, 5, 8
2016/9/5, 63, 52, 64, 22, 8, 11
2016/9/6, 103, 30, 74, 17, 5, 9
2016/9/7, 66, 27, 76, 21, 5, 9
2016/9/8, 56, 54, 82, 36, 10, 11
2016/9/9, 89, 86, 75, 32, 12, 19
2016/9/10, 151, 37, 44, 12, 4, 13
2016/9/11, 89, 45, 50, 20, 6, 17
2016/9/12, 96, 63, 68, 22, 6, 14
2016/9/13, 146, 81, 86, 22, 7, 13
2016/9/14, 166, 93, 81, 22, 6, 13
2016/9/15, 181, 100, 80, 14, 6, 14
2016/9/16, 187, 38, 31, 13, 5, 12
2016/9/17, 93, 34, 10, 17, 9, 14
2016/9/18, 67, 27, 31, 15, 4, 6
2016/9/19, 52, 41, 47, 27, 5, 8
2016/9/20, 71, 51, 61, 21, 14, 12
2016/9/21, 102, 79, 75, 20, 15, 11
2016/9/22, 141, 93, 73, 26, 9, 13
2016/9/23, 158, 98, 70, 34, 7, 15
2016/9/24, 164, 93, 77, 26, 8, 16
2016/9/25, 165, 86, 11, 27, 2, 20
2016/9/26, 162, 42, 22, 18, 2, 12
2016/9/27, 116, 37, 24, 18, 6, 6
2016/9/28, 65, 62, 35, 36, 16, 15
2016/9/29, 124, 71, 56, 33, 18, 10
2016/9/30, 152, 96, 64, 39, 19, 13
2016/4/1, 139, 57, 44, 14, 11, 7
2016/4/2, 74, 81, 45, 19, 14, 6
2016/4/3, 99, 100, 62, 29, 17, 12
2016/4/4, 165, 128, 50, 30, 22, 11
2016/4/5, 184, 120, 66, 39, 22, 15
2016/4/6, 207, 121, 44, 41, 15, 20
2016/4/7, 160, 84, 49, 15, 6, 10
2016/4/8, 79, 255, 34, 28, 19, 17
2016/4/9, 175, 131, 38, 19, 15, 16
2016/4/10, 131, 82, 34, 24, 13, 13
2016/4/11, 120, 110, 33, 40, 15, 16
2016/4/12, 177, 212, 63, 42, 20, 25
2016/4/13, 299, 85, 36, 19, 6, 9
2016/4/14, 128, 102, 55, 32, 14, 17
2016/4/15, 162, 73, 33, 14, 8, 12
2016/4/16, 137, 45, 48, 12, 2, 5
2016/4/17, 80, 45, 38, 11, 2, 5
2016/4/18, 84, 78, 23, 26, 12, 13
2016/4/19, 146, 93, 51, 24, 16, 19
2016/4/20, 165, 100, 29, 21, 12, 7
2016/4/21, 170, 112, 34, 10, 3, 2
2016/4/22, 109, 73, 23, 19, 6, 6
2016/4/23, 100, 98, 44, 18, 9, 5
2016/4/24, 141, 81, 52, 11, 9, 6
2016/4/25, 171, 87, 40, 17, 12, 6
2016/4/26, 159, 80, 41, 22, 9, 5
2016/4/27, 161, 84, 49, 18, 7, 6
2016/4/28, 150, 93, 56, 15, 8, 7
2016/4/29, 165, 83, 49, 8, 8, 6
2016/4/30, 156, 96, 45, 16, 10, 9
2016/5/1, 159, 78, 36, 11, 5, 6
2016/5/2, 119, 58, 46, 15, 3, 6
2016/5/3, 84, 66, 57, 26, 5, 7
2016/5/4, 91, 72, 49, 24, 10, 11
2016/5/5, 130, 236, 47, 16, 4, 8
2016/5/6, 131, 193, 56, 20, 7, 9
2016/5/7, 117, 75, 73, 24, 16, 14
2016/5/8, 132, 72, 60, 23, 12, 10
2016/5/9, 137, 74, 96, 29, 13, 16
2016/5/10, 133, 101, 85, 22, 13, 15
2016/5/11, 175, 55, 44, 16, 5, 6
2016/5/12, 115, 65, 56, 26, 10, 18
2016/5/13, 126, 63, 39, 29, 6, 15
2016/5/14, 150, 47, 43, 20, 4, 8
2016/5/15, 126, 64, 62, 26, 11, 10
2016/5/16, 123, 84, 95, 25, 13, 9
2016/5/17, 142, 82, 115, 22, 13, 10
2016/5/18, 152, 83, 123, 22, 16, 10
2016/5/19, 165, 78, 96, 26, 18, 11
2016/5/20, 153, 77, 86, 28, 17, 14
2016/5/21, 165, 78, 68, 29, 19, 18
2016/5/22, 149, 84, 48, 36, 19, 17
2016/5/23, 153, 56, 57, 17, 10, 10
2016/5/24, 133, 43, 54, 13, 5, 8
2016/5/25, 96, 70, 50, 19, 8, 8
2016/5/26, 103, 98, 61, 19, 16, 15
2016/5/27, 142, 71, 62, 13, 12, 12
2016/5/28, 138, 87, 63, 12, 13, 11
2016/5/29, 163, 101, 81, 12, 15, 17
2016/5/30, 171, 94, 37, 12, 8, 12
2016/5/31, 103, 49, 47, 21, 12, 14
2016/6/1, 94, 48, 82, 28, 14, 11
2016/6/2, 94, 64, 82, 27, 18, 9
2016/6/3, 103, 77, 85, 19, 14, 10
2016/6/4, 174, 58, 54, 16, 12, 8
2016/6/5, 146, 46, 95, 21, 7, 11
2016/6/6, 155, 74, 44, 29, 7, 17
2016/6/7, 136, 80, 115, 31, 8, 14
2016/6/8, 103, 96, 115, 23, 12, 18
2016/6/9, 166, 94, 104, 14, 6, 9
2016/6/10, 154, 27, 58, 9, 2, 5
2016/6/11, 45, 54, 103, 14, 6, 8
2016/6/12, 105, 54, 40, 22, 6, 9
2016/6/13, 95, 57, 26, 16, 2, 15
2016/6/14, 144, 30, 75, 10, 3, 5
2016/6/15, 76, 64, 99, 21, 8, 8
2016/6/16, 114, 87, 115, 20, 12, 8
2016/6/17, 125, 37, 60, 21, 1, 9
2016/6/18, 71, 74, 165, 29, 5, 11
2016/6/19, 146, 58, 104, 15, 3, 6
2016/6/20, 122, 70, 109, 21, 4, 6
2016/6/21, 154, 55, 86, 21, 3, 5
2016/6/22, 100, 68, 37, 27, 2, 5
2016/6/23, 117, 30, 45, 14, 2, 2
2016/6/24, 66, 32, 44, 10, 3, 2
2016/6/25, 45, 54, 63, 15, 8, 5
2016/6/26, 96, 55, 51, 12, 6, 6
2016/6/27, 103, 47, 40, 14, 2, 9
2016/6/28, 101, 67, 63, 13, 1, 8
2016/6/29, 151, 73, 37, 15, 2, 6
2016/6/30, 150, 53, 53, 6, 4, 4
2016/1/4, 160, 53, 22, 24, 14, 6
2016/1/5, 101, 63, 21, 28, 21, 10
2016/1/6, 110, 51, 22, 18, 9, 9
2016/1/7, 77, 47, 24, 24, 14, 9
2016/1/8, 95, 173, 8, 52, 44, 30
2016/1/9, 257, 171, 19, 43, 31, 27
2016/1/10, 214, 41, 26, 21, 16, 10
2016/1/11, 78, 48, 22, 22, 11, 11
2016/1/12, 80, 90, 16, 40, 25, 23
2016/1/13, 163, 116, 11, 55, 35, 35
2016/1/14, 177, 169, 6, 61, 47, 39
2016/1/15, 246, 94, 11, 27, 15, 15
2016/1/16, 173, 58, 22, 20, 14, 16
2016/1/17, 132, 76, 24, 15, 8, 10
2016/1/18, 78, 63, 18, 28, 16, 15
2016/1/19, 105, 77, 10, 37, 45, 20
2016/1/20, 153, 78, 8, 28, 13, 14
2016/1/21, 151, 74, 26, 14, 9, 10
2016/1/22, 97, 70, 27, 7, 7, 8
2016/1/23, 58, 62, 25, 16, 8, 11
2016/1/24, 70, 73, 21, 28, 17, 16
2016/1/25, 113, 72, 25, 28, 14, 15
2016/1/26, 100, 102, 17, 44, 38, 20
2016/1/27, 167, 102, 9, 43, 37, 29
2016/1/28, 173, 56, 21, 18, 11, 9
2016/1/29, 83, 54, , 27, 15, 13
2016/1/30, 100, 45, , 17, 10, 13
2016/1/31, 77, 57, 29, 25, 13, 16
2016/2/1, 118, 37, 33, 25, 11, 14
2016/2/2, 90, 104, 33, 46, 40, 33
2016/2/3, 183, 36, 29, 17, 7, 7
2016/2/4, 83, 50, 29, 9, 4, 4
2016/2/5, 70, 45, 30, 17, 9, 7
2016/2/6, 86, 118, 35, 29, 27, 14
2016/2/7, 177, 216, 30, 25, 42, 14
2016/2/8, 238, 70, 28, 27, 18, 16
2016/2/9, 133, 85, 19, 34, 33, 21
2016/2/10, 138, 84, 10, 21, 9, 15
2016/2/11, 165, 122, 17, 25, 21, 29
2016/2/12, 209, 25, 31, 8, 5, 7
2016/2/13, 86, 27, 35, 5, 3, 4
2016/2/14, 60, 50, 32, 15, 9, 9
2016/2/15, 75, 70, 32, 19, 12, 14
2016/2/16, 106, 49, 30, 22, 10, 10
2016/2/17, 96, 60, 33, 22, 12, 11
2016/2/18, 100, 61, 29, 25, 11, 12
2016/2/19, 102, 34, 32, 13, 5, 7
2016/2/20, 80, 78, 26, 30, 22, 11
2016/2/21, 155, 127, 28, 29, 28, 19
2016/2/22, 194, 35, 31, 12, 5, 5
2016/2/23, 75, 55, 28, 27, 12, 10
2016/2/24, 118, 60, 23, 27, 16, 10
2016/2/25, 101, 56, 25, 26, 12, 9
2016/2/26, 97, 78, 22, 32, 23, 18
2016/2/27, 136, 66, 30, 20, 11, 10
2016/2/28, 116, 40, 28, 16, 13, 9
2016/2/29, 92, 100, 21, 38, 38, 22
2016/3/1, 174, 153, 30, 48, 35, 20
2016/3/2, 234, 184, 29, 49, 36, 21
2016/3/3, 276, 150, 26, 32, 16, 17
2016/3/4, 224, 309, 38, 22, 10, 12
2016/3/5, 189, 304, 21, 41, 36, 18
2016/3/6, 195, 128, 36, 24, 17, 17
2016/3/7, 127, 55, 33, 14, 7, 7
2016/3/8, 74, 44, 29, 19, 9, 8
2016/3/9, 85, 62, 33, 19, 8, 7
2016/3/10, 89, 71, 31, 28, 17, 9
2016/3/11, 119, 105, 24, 35, 36, 12
2016/3/12, 169, 96, 32, 27, 16, 13
2016/3/13, 148, 107, 32, 34, 24, 15
2016/3/14, 172, 126, 37, 31, 22, 15
2016/3/15, 186, 140, 31, 37, 20, 18
2016/3/16, 240, 115, 30, 32, 21, 17
2016/3/17, 202, 154, 38, 34, 19, 23
2016/3/18, 236, 88, 19, 20, 8, 9
2016/3/19, 129, 72, 25, 28, 10, 9
2016/3/20, 135, 89, 26, 28, 17, 16
2016/3/21, 156, 137, 16, 30, 16, 16
2016/3/22, 180, 63, 23, 19, 11, 13
2016/3/23, 105, 55, 24, 18, 12, 18
2016/3/24, 102, 71, 24, 24, 14, 20
2016/3/25, 134, 58, 29, 23, 10, 14
2016/3/26, 116, 70, 31, 22, 12, 17
2016/3/27, 124, 100, 30, 25, 17, 17
2016/3/28, 157, 95, 43, 17, 11, 7
2016/3/29, 93, 119, 39, 33, 24, 16
2016/3/30, 156, 173, 68, 31, 20, 14
2016/3/31, 186, 141, 44, 18, 13, 9
2015/10/1, 78, 70, 33, 15, 7, 5
2015/10/2, 103, 64, 31, 12, 6, 6
2015/10/3, 78, 81, 60, 16, 13, 7
2015/10/4, 121, 170, 63, 19, 15, 11
2015/10/5, 244, 100, 51, 18, 9, 8
2015/10/6, 171, 91, 37, 18, 9, 8
2015/10/7, 164, 48, 22, 9, 3, 5
2015/10/8, 64, 62, 21, 12, 6, 7
2015/10/9, 88, 34, 19, 6, 2, 5
2015/10/10, 42, 44, 25, 11, 3, 6
2015/10/11, 60, 57, 26, 17, 4, 7
2015/10/12, 70, 76, 27, 21, 10, 8
2015/10/13, 109, 115, 20, 35, 19, 14
2015/10/14, 177, 93, 55, 40, 12, 16
2015/10/15, 167, 111, 72, 36, 18, 16
2015/10/16, 191, 141, 74, 34, 25, 19
2015/10/17, 211, 100, 22, 18, 12, 10
2015/10/18, 144, 61, 25, 26, 13, 10
2015/10/19, 96, 77, 13, 31, 15, 13
2015/10/20, 122, 60, 14, 22, 11, 13
2015/10/21, 98, 36, 5, 25, 11, 22
2015/10/22, 99, 50, 12, 25, 9, 14
2015/10/23, 114, 66, 22, 26, 8, 13
2015/10/24, 106, 60, 11, 28, 8, 8
2015/10/25, 66, 51, 16, 23, 7, 11
2015/10/26, 112, 67, 24, 24, 10, 11
2015/10/27, 84, 51, 23, 25, 8, 10
2015/10/28, 87, 44, 24, 18, 5, 6
2015/10/29, 60, 50, 22, 22, 8, 9
2015/10/30, 69, 95, 15, 40, 21, 16
2015/10/31, 155, 139, 14, 46, 33, 22
2015/11/1, 212, 124, 19, 47, 26, 23
2015/11/2, 202, 102, 44, 43, 31, 20
2015/11/3, 180, 111, 44, 53, 29, 22
2015/11/4, 185, 113, 12, 38, 19, 19
2015/11/5, 148, 29, 16, 14, 6, 10
2015/11/6, 60, 24, 18, 14, 4, 9
2015/11/7, 74, 64, 14, 21, 6, 13
2015/11/8, 154, 82, 14, 19, 9, 17
2015/11/9, 169, 91, 18, 21, 10, 13
2015/11/10, 173, 94, 4, 30, 13, 20
2015/11/11, 173, 116, 2, 40, 30, 36
2015/11/12, 183, 109, 11, 39, 29, 42
2015/11/13, 186, 120, 20, 38, 32, 32
2015/11/14, 203, 113, 18, 30, 25, 26
2015/11/15, 193, 53, 15, 23, 16, 12
2015/11/16, 87, 78, 13, 28, 26, 15
2015/11/17, 132, 51, 13, 24, 20, 11
2015/11/18, 95, 62, 6, 24, 12, 14
2015/11/19, 138, 38, 10, 18, 6, 11
2015/11/20, 101, 39, 14, 17, 11, 15
2015/11/21, 105, 38, 15, 19, 19, 18
2015/11/22, 105, 30, 20, 16, 14, 15
2015/11/23, 79, 49, 11, 28, 33, 22
2015/11/24, 98, 64, 15, 24, 28, 25
2015/11/25, 136, 49, 23, 23, 14, 16
2015/11/26, 100, 94, 20, 37, 34, 19
2015/11/27, 174, 129, 9, 45, 41, 33
2015/11/28, 196, 211, 11, 51, 45, 41
2015/11/29, 240, 335, 20, 59, 47, 53
2015/11/30, 326, 204, 2, 37, 36, 37
2015/12/1, 243, 153, 15, 28, 27, 33
2015/12/2, 178, 32, 18, 11, 7, 7
2015/12/3, 55, 55, 17, 24, 23, 13
2015/12/4, 96, 76, 15, 26, 31, 23
2015/12/5, 115, 71, 15, 25, 40, 19
2015/12/6, 134, 85, 2, 27, 36, 20
2015/12/7, 154, 155, 1, 34, 46, 34
2015/12/8, 206, 239, 1, 38, 40, 44
2015/12/9, 267, 208, 18, 27, 27, 36
2015/12/10, 210, 55, 13, 26, 27, 18
2015/12/11, 110, 81, 13, 37, 27, 9
2015/12/12, 159, 96, 5, 41, 34, 13
2015/12/13, 179, 143, 7, 43, 29, 15
2015/12/14, 240, 60, 20, 27, 14, 13
2015/12/15, 140, 30, 17, 13, 11, 4
2015/12/16, 59, 52, 14, 24, 22, 8
2015/12/17, 103, 96, 15, 35, 32, 14
2015/12/18, 156, 65, 9, 40, 18, 10
2015/12/19, 141, 117, 7, 47, 46, 13
2015/12/20, 197, 370, 2, 82, 54, 30
2015/12/21, 381, 327, 1, 75, 34, 31
2015/12/22, 370, 267, 5, 64, 41, 27
2015/12/23, 331, 214, 3, 64, 38, 29
2015/12/24, 305, 180, 7, 55, 29, 34
2015/12/25, 279, 152, 17, 36, 14, 25
2015/12/26, 189, 49, 17, 21, 13, 6
2015/12/27, 85, 102, 7, 34, 35, 19
2015/12/28, 184, 166, 6, 38, 35, 21
2015/12/29, 247, 135, 23, 37, 27, 16
2015/12/30, 192, 110, 10, 46, 33, 18
2015/12/31, 188, , , , , 
2015/7/1, 106, 26, 43, 7, 6, 4
2015/7/2, 60, 48, 34, 8, 9, 6
2015/7/3, 86, 41, 27, 10, 6, 6
2015/7/4, 76, 50, 41, 12, 7, 7
2015/7/5, 128, 62, 49, 10, 7, 7
2015/7/6, 141, 57, 49, 10, 7, 6
2015/7/7, 128, 63, 67, 9, 4, 6
2015/7/8, 148, 61, 54, 11, 6, 5
2015/7/9, 123, 60, 73, 7, 3, 5
2015/7/10, 105, 111, 69, 10, 3, 6
2015/7/11, 168, 104, 107, 7, 2, 7
2015/7/12, 170, 97, 115, 11, 7, 8
2015/7/13, 134, 95, 102, 15, 7, 7
2015/7/14, 119, 109, 74, 16, 6, 9
2015/7/15, 147, 74, 40, 9, 6, 7
2015/7/16, 116, 53, 35, 8, 7, 5
2015/7/17, 88, 62, 44, 9, 9, 6
2015/7/18, 107, 75, 59, 10, 2, 8
2015/7/19, 143, 59, 36, 10, 2, 6
2015/7/20, 125, 80, 38, 10, 2, 7
2015/7/21, 149, 56, 43, 12, 2, 8
2015/7/22, 122, 69, 40, 14, 2, 7
2015/7/23, 136, 72, 43, 11, 2, 8
2015/7/24, 141, 64, 31, 14, 2, 8
2015/7/25, 124, 88, 69, 7, 2, 6
2015/7/26, 154, 101, 48, 9, 6, 12
2015/7/27, 153, 82, 45, 9, 2, 11
2015/7/28, 132, 146, 31, 10, 2, 7
2015/7/29, 158, 52, 44, 9, 2, 7
2015/7/30, 73, 50, 48, 9, 7, 10
2015/7/31, 68, 61, 45, 13, 11, 9
2015/8/1, 94, 77, 25, 10, 2, 8
2015/8/2, 125, 60, 18, 13, 2, 10
2015/8/3, 132, 48, 47, 10, 5, 6
2015/8/4, 53, 74, 50, 10, 3, 7
2015/8/5, 112, 79, 46, 8, 5, 8
2015/8/6, 130, 72, 49, 10, 6, 10
2015/8/7, 137, 71, 76, 10, 5, 8
2015/8/8, 123, 106, 84, 17, 6, 10
2015/8/9, 171, 125, 41, 20, 7, 15
2015/8/10, 178, 104, 53, 13, 5, 14
2015/8/11, 187, 93, 50, 15, 13, 13
2015/8/12, 160, 86, 51, 11, 9, 8
2015/8/13, 149, 71, 47, 11, 6, 8
2015/8/14, 128, 82, 58, 27, 12, 11
2015/8/15, 125, 92, 53, 21, 12, 10
2015/8/16, 141, 91, 58, 12, 10, 9
2015/8/17, 162, 87, 33, 18, 11, 11
2015/8/18, 146, 75, 41, 22, 9, 16
2015/8/19, 147, 88, 71, 15, 10, 14
2015/8/20, 163, 61, 50, 10, 7, 8
2015/8/21, 80, 78, 64, 17, 12, 10
2015/8/22, 118, 67, 35, 18, 20, 20
2015/8/23, 114, 55, 38, 13, 10, 18
2015/8/24, 97, 46, 39, 8, 7, 13
2015/8/25, 75, 49, 37, 8, 7, 18
2015/8/26, 94, 45, 26, 7, 6, 11
2015/8/27, 89, 51, 33, 7, 4, 6
2015/8/28, 103, 48, 36, 8, 5, 6
2015/8/29, 85, 46, 16, 9, 9, 9
2015/8/30, 85, 41, 15, 9, 6, 13
2015/8/31, 104, 23, 12, 6, 3, 9
2015/9/1, 75, 33, 21, 7, 1, 4
2015/9/2, 57, 52, 29, 11, 3, 6
2015/9/3, 82, 51, 25, 6, 4, 8
2015/9/4, 129, 22, 18, 7, 2, 7
2015/9/5, 70, 35, 23, 10, 3, 6
2015/9/6, 71, 57, 31, 15, 6, 8
2015/9/7, 103, 66, 35, 18, 7, 6
2015/9/8, 123, 74, 21, 20, 9, 10
2015/9/9, 119, 39, 9, 11, 7, 7
2015/9/10, 63, 23, 18, 7, 2, 3
2015/9/11, 59, 24, 28, 8, 2, 3
2015/9/12, 41, 60, 43, 13, 8, 7
2015/9/13, 98, 75, 70, 13, 9, 6
2015/9/14, 144, 95, 78, 24, 10, 10
2015/9/15, 168, 88, 92, 17, 9, 10
2015/9/16, 169, 76, 52, 15, 8, 12
2015/9/17, 160, 91, 48, 18, 8, 13
2015/9/18, 161, 76, 36, 17, 11, 15
2015/9/19, 130, 57, 44, 12, 7, 9
2015/9/20, 117, 64, 61, 15, 12, 8
2015/9/21, 106, 95, 47, 10, 9, 11
2015/9/22, 177, 86, 38, 12, 5, 12
2015/9/23, 165, 112, 38, 16, 7, 13
2015/9/24, 194, 47, 33, 10, 3, 9
2015/9/25, 85, 70, 43, 19, 9, 9
2015/9/26, 114, 82, 67, 19, 18, 10
2015/9/27, 133, 50, 37, 11, 10, 13
2015/9/28, 113, 47, 7, 14, 11, 15
2015/9/29, 93, 50, 3, 16, 8, 16
2015/9/30, 118, 39, 23, 11, 3, 6
2015/4/1, 141, 57, 18, 14, 4, 7
2015/4/2, 138, 63, 26, 14, 7, 7
2015/4/3, 125, 90, 69, 29, 17, 19
2015/4/4, 178, 82, 50, 25, 13, 16
2015/4/5, 157, 42, 43, 11, 4, 10
2015/4/6, 87, 62, 47, 22, 12, 15
2015/4/7, 150, 83, 39, 26, 18, 15
2015/4/8, 181, 91, 53, 28, 16, 16
2015/4/9, 201, 117, 77, 30, 19, 21
2015/4/10, 250, 137, 52, 27, 18, 23
2015/4/11, 252, 68, 44, 10, 5, 14
2015/4/12, 100, 65, 65, 13, 5, 11
2015/4/13, 120, 95, 64, 28, 18, 18
2015/4/14, 194, 156, 28, 16, 11, 9
2015/4/15, 182, 154, 27, 5, 2, 5
2015/4/16, 109, 97, 30, 13, 7, 7
2015/4/17, 154, 132, 15, 25, 13, 10
2015/4/18, 185, 84, 10, 16, 8, 10
2015/4/19, 165, 92, 25, 13, 9, 9
2015/4/20, 171, 92, 20, 11, 7, 8
2015/4/21, 164, 71, 21, 14, 6, 9
2015/4/22, 150, 92, 24, 13, 9, 10
2015/4/23, 168, 100, 21, 16, 6, 8
2015/4/24, 148, 116, 37, 16, 13, 9
2015/4/25, 170, 85, 31, 9, 8, 6
2015/4/26, 177, 90, 59, 11, 12, 8
2015/4/27, 177, 70, 56, 14, 7, 9
2015/4/28, 155, 74, 73, 16, 7, 9
2015/4/29, 182, 128, 109, 15, 10, 10
2015/4/30, 191, 89, 79, 13, 9, 6
2015/5/1, 159, 53, 52, 7, 2, 7
2015/5/2, 124, 76, 53, 10, 3, 5
2015/5/3, 127, 54, 55, 6, 2, 3
2015/5/4, 69, 87, 66, 12, 6, 6
2015/5/5, 150, 127, 36, 12, 5, 7
2015/5/6, 139, 82, 65, 13, 5, 8
2015/5/7, 146, 91, 66, 13, 13, 10
2015/5/8, 178, 32, 33, 6, 2, 5
2015/5/9, 83, 49, 26, 13, 4, 7
2015/5/10, 98, 46, 30, 11, 3, 10
2015/5/11, 154, 57, 52, 12, 4, 8
2015/5/12, 120, 83, 70, 12, 8, 8
2015/5/13, 145, 75, 72, 8, 6, 8
2015/5/14, 105, 74, 46, 17, 7, 11
2015/5/15, 151, 68, 74, 12, 7, 8
2015/5/16, 150, 89, 70, 7, 5, 8
2015/5/17, 174, 62, 53, 7, 3, 8
2015/5/18, 136, 70, 47, 5, 2, 6
2015/5/19, 93, 38, 59, 12, 3, 10
2015/5/20, 90, 59, 51, 21, 18, 18
2015/5/21, 134, 67, 91, 20, 16, 19
2015/5/22, 154, 86, 115, 22, 18, 20
2015/5/23, 176, 83, 110, 20, 18, 26
2015/5/24, 176, 82, 104, 20, 16, 22
2015/5/25, 176, 87, 109, 19, 13, 21
2015/5/26, 173, 90, 108, 16, 15, 24
2015/5/27, 187, 77, 84, 21, 15, 26
2015/5/28, 178, 77, 26, 23, 5, 27
2015/5/29, 159, 69, 39, 27, 9, 28
2015/5/30, 160, 83, 26, 13, 11, 20
2015/5/31, 157, 82, , 11, 5, 18
2015/6/1, 168, 63, , 11, 4, 19
2015/6/2, 125, 59, 38, 19, 10, 17
2015/6/3, 111, 74, 31, 27, 15, 20
2015/6/4, 155, 70, 52, 21, 11, 24
2015/6/5, 154, 76, 103, 16, 13, 24
2015/6/6, 163, 44, 76, 13, 6, 16
2015/6/7, 132, 48, 80, 20, 8, 22
2015/6/8, 117, 79, 140, 20, 17, 19
2015/6/9, 155, 82, 79, 17, 9, 26
2015/6/10, 172, 44, 62, 14, 5, 17
2015/6/11, 125, 35, 51, 19, 7, 13
2015/6/12, 90, 51, 66, 19, 12, 24
2015/6/13, 110, 41, 84, 15, 6, 17
2015/6/14, 129, 57, 102, 17, 11, 23
2015/6/15, 162, 75, 111, 17, 18, 21
2015/6/16, 174, 117, 117, 21, 21, 19
2015/6/17, 190, 57, 73, 13, 11, 18
2015/6/18, 126, 52, 45, 15, 13, 14
2015/6/19, 105, 46, 97, 13, 6, 11
2015/6/20, 115, 70, 110, 23, 16, 12
2015/6/21, 147, 102, 129, 27, 18, 15
2015/6/22, 177, 120, 119, 23, 12, 15
2015/6/23, 206, 91, 81, 17, 14, 14
2015/6/24, 173, 89, 72, 19, 13, 13
2015/6/25, 179, 71, 38, 19, 4, 12
2015/6/26, 154, 61, 31, 10, 1, 6
2015/6/27, 150, 75, 35, 9, 1, 8
2015/6/28, 171, 68, 23, 9, 1, 7
2015/6/29, 151, 25, 23, 8, 3, 6
2015/6/30, 80, 55, 26, 8, 3, 4
2015/1/1, 150, 81, 24, 29, 45, 13
2015/1/2, 147, 172, 9, 46, 63, 27
2015/1/3, 266, 312, 6, 85, 72, 51
2015/1/4, 393, 151, 12, 42, 50, 37
2015/1/5, 197, 67, 31, 20, 26, 10
2015/1/6, 91, 105, 13, 33, 54, 27
2015/1/7, 156, 166, 9, 47, 60, 41
2015/1/8, 221, 141, 25, 44, 46, 31
2015/1/9, 201, 189, 17, 56, 57, 37
2015/1/10, 259, 84, 18, 33, 43, 18
2015/1/11, 140, 60, 20, 32, 49, 16
2015/1/12, 108, 125, 11, 41, 60, 22
2015/1/13, 194, 207, 3, 59, 69, 48
2015/1/14, 277, 170, 3, 43, 69, 46
2015/1/15, 285, 85, 44, 27, 38, 27
2015/1/16, 157, 49, 28, 25, 31, 8
2015/1/17, 108, 114, 24, 30, 46, 16
2015/1/18, 165, 69, 23, 31, 40, 10
2015/1/19, 92, 118, 5, 41, 67, 26
2015/1/20, 160, 84, 47, 28, 46, 20
2015/1/21, 138, 86, 23, 30, 39, 16
2015/1/22, 169, 132, 12, 41, 50, 21
2015/1/23, 217, 127, 22, 36, 35, 21
2015/1/24, 196, 81, 23, 27, 48, 18
2015/1/25, 166, 140, 18, 28, 39, 22
2015/1/26, 223, 28, 31, 14, 14, 7
2015/1/27, 78, 79, 14, 36, 52, 17
2015/1/28, 160, 67, 22, 24, 45, 11
2015/1/29, 161, 32, 30, 16, 20, 5
2015/1/30, 83, 46, 27, 24, 31, 8
2015/1/31, 108, 118, 16, 43, 59, 28
2015/2/1, 204, 108, 12, 47, 57, 19
2015/2/2, 194, 136, 24, 46, 57, 27
2015/2/3, 235, 44, 29, 14, 19, 8
2015/2/4, 80, 52, 38, 20, 20, 11
2015/2/5, 89, 110, 15, 37, 59, 18
2015/2/6, 185, 86, 24, 28, 33, 15
2015/2/7, 133, 39, 29, 17, 18, 8
2015/2/8, 67, 95, 22, 36, 48, 23
2015/2/9, 172, 122, 12, 44, 48, 24
2015/2/10, 201, 107, 28, 39, 49, 33
2015/2/11, 185, 60, 25, 28, 34, 19
2015/2/12, 119, 96, 25, 34, 45, 23
2015/2/13, 169, 177, 36, 44, 43, 32
2015/2/14, 266, 136, 27, 32, 40, 23
2015/2/15, 218, 112, 34, 28, 42, 24
2015/2/16, 207, 67, 27, 19, 27, 12
2015/2/17, 121, 90, 27, 25, 43, 18
2015/2/18, 164, 132, 29, 22, 52, 12
2015/2/19, 196, 73, 17, 26, 37, 15
2015/2/20, 165, 169, 22, 17, 33, 16
2015/2/21, 216, 267, 31, 11, 24, 10
2015/2/22, 134, 102, 28, 22, 37, 14
2015/2/23, 138, 149, 18, 29, 41, 22
2015/2/24, 188, 110, 34, 24, 37, 33
2015/2/25, 157, 61, 33, 20, 30, 20
2015/2/26, 116, 50, 22, 22, 28, 18
2015/2/27, 87, 68, 20, 19, 24, 21
2015/2/28, 139, 110, 33, 23, 34, 24
2015/3/1, 156, 110, 35, 34, 39, 26
2015/3/2, 166, 79, 36, 10, 14, 13
2015/3/3, 70, 54, 35, 17, 23, 12
2015/3/4, 73, 82, 34, 28, 37, 14
2015/3/5, 145, 122, 33, 28, 38, 17
2015/3/6, 184, 120, 25, 37, 38, 22
2015/3/7, 187, 133, 16, 39, 42, 24
2015/3/8, 208, 56, 40, 13, 18, 11
2015/3/9, 72, 67, 31, 30, 39, 17
2015/3/10, 117, 80, 39, 25, 31, 19
2015/3/11, 121, 96, 24, 41, 51, 29
2015/3/12, 162, 85, 49, 37, 50, 25
2015/3/13, 151, 94, 22, 42, 44, 17
2015/3/14, 157, 147, 36, 40, 39, 25
2015/3/15, 174, 157, 37, 32, 25, 23
2015/3/16, 233, 124, 44, 27, 18, 21
2015/3/17, 194, 85, 26, 43, 25, 22
2015/3/18, 149, 176, 36, 52, 31, 24
2015/3/19, 201, 174, 46, 41, 18, 21
2015/3/20, 186, 112, 35, 18, 7, 11
2015/3/21, 116, 141, 21, 15, 8, 12
2015/3/22, 111, 81, 8, 21, 12, 10
2015/3/23, 129, 103, 33, 35, 23, 16
2015/3/24, 168, 95, 48, 36, 22, 11
2015/3/25, 174, 81, 60, 27, 19, 5
2015/3/26, 157, 78, 30, 13, 12, 5
2015/3/27, 156, 373, 41, 16, 10, 7
2015/3/28, 180, 327, 29, 18, 11, 8
2015/3/29, 188, 174, 38, 15, 20, 10
2015/3/30, 181, 88, 22, 13, 7, 8
2015/3/31, 168, 65, 20, 16, 12, 8
2014/10/1, 146, 70, 19, 20, 8, 8
2014/10/2, 169, 63, 31, 16, 9, 17
2014/10/3, 162, 45, 23, 11, 5, 6
2014/10/4, 110, 42, 23, 12, 4, 8
2014/10/5, 105, 51, 26, 19, 5, 5
2014/10/6, 98, 113, 46, 27, 14, 12
2014/10/7, 190, 145, 41, 28, 15, 9
2014/10/8, 252, 139, 46, 27, 17, 11
2014/10/9, 242, 146, 61, 28, 20, 16
2014/10/10, 256, 103, , 19, 7, 10
2014/10/11, 185, 40, , 11, 3, 3
2014/10/12, 55, 48, 12, 13, 4, 4
2014/10/13, 79, 91, 30, 26, 14, 7
2014/10/14, 171, 96, 32, 20, 11, 8
2014/10/15, 153, 76, 19, 21, 8, 6
2014/10/16, 104, 179, 33, 41, 17, 13
2014/10/17, 197, 159, 31, 43, 16, 14
2014/10/18, 234, 131, 26, 26, 14, 13
2014/10/19, 219, 125, 17, 22, 7, 12
2014/10/20, 222, 61, 14, 16, 9, 7
2014/10/21, 87, 70, 13, 23, 12, 7
2014/10/22, 122, 162, 6, 32, 13, 12
2014/10/23, 250, 219, 15, 30, 8, 14
2014/10/24, 338, 216, 6, 30, 6, 21
2014/10/25, 330, 145, 22, 22, 10, 24
2014/10/26, 220, 62, 17, 22, 13, 9
2014/10/27, 73, 60, 23, 24, 13, 9
2014/10/28, 96, 115, 28, 45, 38, 16
2014/10/29, 171, 123, 22, 52, 40, 24
2014/10/30, 203, 118, 13, 42, 18, 21
2014/10/31, 210, 89, 20, 34, 8, 14
2014/11/1, 179, 48, 28, 20, 4, 5
2014/11/2, 70, 76, 29, 31, 20, 10
2014/11/3, 146, 100, 10, 31, 23, 12
2014/11/4, 163, 89, , 34, 19, 11
2014/11/5, 154, 46, 25, 18, 10, 10
2014/11/6, 67, 55, 15, 25, 13, 11
2014/11/7, 106, 66, 26, 26, 13, 9
2014/11/8, 147, 95, 28, 36, 15, 14
2014/11/9, 187, 124, 35, 43, 30, 20
2014/11/10, 237, 85, 24, 27, 10, 11
2014/11/11, 146, 59, 31, 13, 11, 7
2014/11/12, 46, 59, 29, 29, 21, 11
2014/11/13, 104, 75, 22, 38, 44, 16
2014/11/14, 136, 95, 16, 42, 54, 21
2014/11/15, 170, 64, 19, 27, 37, 13
2014/11/16, 156, 47, 27, 28, 28, 9
2014/11/17, 84, 120, 21, 49, 50, 22
2014/11/18, 200, 118, 19, 45, 56, 20
2014/11/19, 213, 162, 10, 49, 50, 24
2014/11/20, 267, 409, 30, 93, 62, 54
2014/11/21, 465, 77, 17, 38, 45, 15
2014/11/22, 149, 126, 7, 46, 54, 22
2014/11/23, 214, 103, 13, 40, 50, 24
2014/11/24, 188, 72, 17, 35, 42, 9
2014/11/25, 145, 253, 13, 47, 55, 27
2014/11/26, 350, 186, 48, 36, 47, 33
2014/11/27, 268, 105, 21, 31, 40, 22
2014/11/28, 183, 143, 5, 34, 46, 24
2014/11/29, 260, 199, 25, 21, 33, 16
2014/11/30, 186, 114, 33, 12, 17, 8
2014/12/1, 84, 66, 27, 27, 38, 17
2014/12/2, 123, 79, 34, 23, 33, 19
2014/12/3, 129, 58, 37, 19, 26, 15
2014/12/4, 79, 63, 32, 25, 31, 10
2014/12/5, 114, 115, 11, 43, 57, 26
2014/12/6, 196, 77, 15, 30, 52, 17
2014/12/7, 162, 82, 23, 32, 50, 19
2014/12/8, 153, 125, 8, 41, 61, 25
2014/12/9, 234, 143, 28, 29, 42, 18
2014/12/10, 233, 49, 25, 24, 31, 7
2014/12/11, 107, 65, 21, 23, 28, 9
2014/12/12, 112, 87, 12, 34, 49, 13
2014/12/13, 155, 115, 14, 38, 57, 18
2014/12/14, 202, 147, 22, 33, 42, 26
2014/12/15, 199, 56, 20, 18, 31, 9
2014/12/16, 87, 88, 18, 34, 47, 15
2014/12/17, 160, 164, 8, 45, 61, 27
2014/12/18, 248, 171, 23, 37, 39, 28
2014/12/19, 223, 40, 23, 20, 35, 8
2014/12/20, 87, 53, 23, 22, 33, 8
2014/12/21, 101, 124, 3, 37, 50, 23
2014/12/22, 200, 148, , 43, 58, 23
2014/12/23, 254, 64, 29, 28, 33, 13
2014/12/24, 132, 84, 30, 33, 50, 26
2014/12/25, 157, 92, 19, 41, 49, 21
2014/12/26, 182, 231, 6, 55, 70, 39
2014/12/27, 359, 322, 13, 58, 58, 41
2014/12/28, 407, , , , , 
2014/7/1, 166, 72, 59, 19, 7, 18
2014/7/2, 146, 102, 79, 25, 21, 21
2014/7/3, 192, 108, 49, 27, 2, 18
2014/7/4, 210, 96, 79, 29, 6, 21
2014/7/5, 183, 87, 105, 13, 15, 11
2014/7/6, 178, 80, 104, 19, 29, 13
2014/7/7, 153, 100, 89, 23, 18, 15
2014/7/8, 195, 66, 50, 43, 10, 14
2014/7/9, 89, 69, 92, 24, 15, 17
2014/7/10, 96, 107, 99, 16, 17, 17
2014/7/11, 155, 96, 100, 19, 21, 24
2014/7/12, 178, 75, 82, 23, 20, 19
2014/7/13, 140, 92, 96, 34, 31, 16
2014/7/14, 146, 64, 64, 9, 7, 6
2014/7/15, 113, 85, 62, 21, 14, 13
2014/7/16, 173, 66, 80, 17, 6, 15
2014/7/17, 144, 85, 80, 18, 3, 10
2014/7/18, 163, 81, 80, 14, 4, 9
2014/7/19, 160, 68, 33, 13, 6, 9
2014/7/20, 117, 76, 44, 13, 4, 11
2014/7/21, 133, 67, 18, 28, 9, 13
2014/7/22, 79, 59, 57, 23, 17, 19
2014/7/23, 81, 73, 37, 25, 14, 17
2014/7/24, 131, 96, 93, 24, 24, 26
2014/7/25, 147, 85, 96, 17, 16, 12
2014/7/26, 150, 104, 94, 20, 18, 15
2014/7/27, 170, 105, 93, 16, 16, 12
2014/7/28, 178, 127, 81, 18, 21, 17
2014/7/29, 198, 95, 47, 18, 10, 14
2014/7/30, 173, 87, 63, 17, 16, 15
2014/7/31, 173, 67, 38, 16, 8, 14
2014/8/1, 137, 69, 60, 15, 16, 10
2014/8/2, 127, 97, 69, 24, 15, 17
2014/8/3, 138, 75, 32, 17, 5, 23
2014/8/4, 126, 48, 47, 17, 7, 13
2014/8/5, 89, 82, 74, 28, 19, 19
2014/8/6, 140, 75, 61, 24, 24, 20
2014/8/7, 121, 88, 73, 29, 26, 17
2014/8/8, 125, 77, 50, 20, 8, 11
2014/8/9, 121, 81, 96, 15, 14, 12
2014/8/10, 138, 80, 56, 18, 17, 14
2014/8/11, 115, 87, 70, 29, 28, 23
2014/8/12, 130, 45, 42, 14, 9, 13
2014/8/13, 84, 55, 71, 17, 8, 10
2014/8/14, 110, 76, 87, 20, 17, 11
2014/8/15, 128, 110, 89, 24, 20, 15
2014/8/16, 172, 72, 44, 11, 7, 10
2014/8/17, 102, 65, 55, 17, 18, 13
2014/8/18, 105, 81, 71, 20, 24, 15
2014/8/19, 152, 93, 72, 18, 20, 12
2014/8/20, 164, 109, 69, 19, 16, 15
2014/8/21, 180, 97, 60, 21, 12, 14
2014/8/22, 153, 102, 49, 18, 14, 15
2014/8/23, 170, 51, 50, 14, 6, 12
2014/8/24, 100, 51, 38, 17, 8, 12
2014/8/25, 78, 85, 45, 28, 12, 10
2014/8/26, 120, 115, 63, 37, 11, 9
2014/8/27, 147, 95, 43, 19, 14, 9
2014/8/28, 166, 69, 47, 12, 6, 8
2014/8/29, 160, 75, 42, 12, 12, 8
2014/8/30, 167, 52, 33, 15, 6, 7
2014/8/31, 124, 65, 36, 15, 11, 8
2014/9/1, 166, 37, 28, 9, 8, 8
2014/9/2, 108, 26, 30, 11, 8, 6
2014/9/3, 55, 56, 36, 16, 18, 6
2014/9/4, 99, 75, 48, 16, 19, 9
2014/9/5, 151, 97, 55, 19, 12, 7
2014/9/6, 182, 95, 40, 17, 11, 8
2014/9/7, 191, 55, 32, 12, 6, 5
2014/9/8, 97, 56, 48, 14, 9, 9
2014/9/9, 86, 66, 44, 17, 6, 6
2014/9/10, 93, 70, 24, 18, 13, 7
2014/9/11, 128, 65, 25, 19, 11, 7
2014/9/12, 129, 70, 70, 21, 16, 11
2014/9/13, 139, 84, 17, 32, 20, 16
2014/9/14, 150, 56, 17, 28, 14, 12
2014/9/15, 104, 91, 24, 30, 27, 15
2014/9/16, 162, 50, 17, 18, 16, 10
2014/9/17, 115, 74, 59, 30, 21, 20
2014/9/18, 147, 74, 41, 18, 19, 9
2014/9/19, 154, 93, 32, 24, 23, 16
2014/9/20, 179, 75, 36, 25, 18, 15
2014/9/21, 151, 77, 42, 24, 26, 18
2014/9/22, 135, 76, 13, 24, 20, 32
2014/9/23, 173, 57, 16, 20, 23, 24
2014/9/24, 128, 56, 53, 24, 19, 15
2014/9/25, 123, 108, 47, 23, 30, 19
2014/9/26, 190, 72, 33, 20, 8, 10
2014/9/27, 137, 63, 17, 23, 9, 7
2014/9/28, 106, 84, 15, 20, 12, 10
2014/9/29, 138, 45, 15, 16, 10, 7
2014/9/30, 74, 76, 16, 22, 21, 7
2014/4/1, 236, 148, 35, 27, 26, 16
2014/4/2, 178, 125, 35, 16, 9, 8
2014/4/3, 82, 135, 34, 20, 23, 12
2014/4/4, 112, 119, 33, 16, 10, 9
2014/4/5, 84, 129, 36, 22, 27, 11
2014/4/6, 147, 125, 42, 21, 25, 12
2014/4/7, 166, 160, 54, 32, 34, 18
2014/4/8, 188, 192, 48, 20, 20, 16
2014/4/9, 195, 257, 27, 23, 17, 16
2014/4/10, 158, 103, 17, 48, 41, 30
2014/4/11, 157, 138, 27, 49, 30, 19
2014/4/12, 164, 153, 49, 37, 33, 20
2014/4/13, 202, 138, 43, 27, 19, 17
2014/4/14, 189, 116, 21, 33, 28, 15
2014/4/15, 158, 129, 30, 41, 32, 21
2014/4/16, 149, 126, 22, 43, 30, 27
2014/4/17, 176, 86, 28, 27, 21, 18
2014/4/18, 160, 87, 23, 37, 20, 18
2014/4/19, 131, 86, 31, 34, 14, 19
2014/4/20, 145, 135, 37, 29, 18, 19
2014/4/21, 167, 118, 39, 24, 23, 20
2014/4/22, 170, 106, 35, 16, 16, 15
2014/4/23, 170, 91, 48, 22, 25, 15
2014/4/24, 162, 105, 56, 26, 26, 15
2014/4/25, 147, 62, 20, 14, 7, 15
2014/4/26, 100, 86, 23, 24, 20, 27
2014/4/27, 154, 76, 37, 26, 14, 19
2014/4/28, 130, 92, 56, 29, 23, 15
2014/4/29, 147, 86, 63, 21, 18, 9
2014/4/30, 153, 106, 61, 17, 26, 16
2014/5/1, 162, 60, 30, 6, 1, 7
2014/5/2, 112, 100, 36, 14, 12, 8
2014/5/3, 141, 88, 30, 7, 2, 6
2014/5/4, 102, 72, 34, 19, 13, 10
2014/5/5, 98, 90, 37, 29, 28, 15
2014/5/6, 165, 101, 52, 23, 17, 20
2014/5/7, 173, 75, 44, 22, 17, 18
2014/5/8, 156, 84, 42, 25, 20, 17
2014/5/9, 158, 65, 42, 24, 12, 10
2014/5/10, 122, 21, 39, 14, 3, 10
2014/5/11, 133, 47, 49, 19, 10, 13
2014/5/12, 137, 87, 52, 28, 24, 13
2014/5/13, 165, 64, 34, 15, 5, 7
2014/5/14, 86, 110, 39, 30, 22, 14
2014/5/15, 161, 113, 45, 33, 30, 24
2014/5/16, 168, 71, 42, 33, 17, 19
2014/5/17, 133, 82, 48, 27, 34, 13
2014/5/18, 159, 116, 57, 26, 27, 17
2014/5/19, 182, 107, 64, 20, 15, 19
2014/5/20, 204, 125, 53, 33, 25, 18
2014/5/21, 224, 109, 61, 27, 21, 14
2014/5/22, 187, 103, 89, 25, 29, 14
2014/5/23, 173, 77, 27, 23, 16, 12
2014/5/24, 155, 102, 27, 27, 10, 14
2014/5/25, 175, 69, 49, 24, 15, 11
2014/5/26, 105, 121, 45, 25, 19, 13
2014/5/27, 143, 64, 58, 28, 13, 10
2014/5/28, 111, 84, 103, 29, 25, 14
2014/5/29, 152, 128, 120, 37, 40, 31
2014/5/30, 178, 136, 130, 54, 30, 29
2014/5/31, 191, 82, 94, 16, 12, 17
2014/6/1, 150, 50, 64, 13, 8, 11
2014/6/2, 105, 62, 76, 20, 16, 15
2014/6/3, 134, 81, 95, 31, 37, 24
2014/6/4, 159, 71, 134, 17, 14, 14
2014/6/5, 127, 99, 102, 19, 26, 16
2014/6/6, 146, 37, 50, 12, 4, 9
2014/6/7, 54, 80, 73, 23, 22, 16
2014/6/8, 140, 72, 93, 21, 13, 15
2014/6/9, 131, 73, 53, 19, 11, 16
2014/6/10, 147, 75, 73, 18, 13, 16
2014/6/11, 152, 77, 84, 21, 19, 18
2014/6/12, 138, 80, 61, 23, 18, 22
2014/6/13, 105, 57, 114, 17, 10, 13
2014/6/14, 102, 101, 100, 18, 16, 17
2014/6/15, 172, 96, 105, 14, 9, 16
2014/6/16, 182, 89, 99, 18, 14, 21
2014/6/17, 169, 105, 71, 26, 13, 23
2014/6/18, 185, 85, 47, 28, 19, 21
2014/6/19, 155, 60, 47, 19, 11, 19
2014/6/20, 100, 58, 62, 16, 11, 16
2014/6/21, 122, 66, 75, 23, 7, 16
2014/6/22, 135, 50, 94, 22, 7, 16
2014/6/23, 105, 73, 95, 26, 20, 18
2014/6/24, 126, 92, 46, 31, 21, 19
2014/6/25, 147, 98, 112, 20, 14, 20
2014/6/26, 180, 50, 71, 19, 6, 14
2014/6/27, 76, 62, 76, 27, 21, 17
2014/6/28, 99, 104, 90, 39, 20, 21
2014/6/29, 126, 87, 99, 27, 24, 19
2014/6/30, 131, 105, 94, 24, 28, 20
2014/1/1, 170, 216, 4, 59, 75, 41
2014/1/2, 200, 102, 11, 38, 57, 25
2014/1/3, 157, 74, 11, 35, 59, 18
2014/1/4, 143, 114, 16, 36, 57, 24
2014/1/5, 180, 114, 10, 38, 59, 29
2014/1/6, 188, 113, 12, 35, 59, 27
2014/1/7, 182, 55, 26, 23, 45, 10
2014/1/8, 109, 74, 17, 31, 44, 14
2014/1/9, 135, 168, 10, 43, 75, 26
2014/1/10, 221, 391, 7, 58, 74, 40
2014/1/11, 389, 70, 23, 25, 44, 14
2014/1/12, 142, 109, 9, 39, 72, 22
2014/1/13, 178, 154, 6, 47, 73, 27
2014/1/14, 204, 332, 8, 58, 70, 40
2014/1/15, 356, 221, 8, 44, 67, 33
2014/1/16, 320, 126, 6, 35, 60, 27
2014/1/17, 200, 222, 7, 50, 70, 41
2014/1/18, 282, 239, 9, 47, 71, 33
2014/1/19, 287, 73, 23, 15, 26, 10
2014/1/20, 81, 47, 20, 23, 49, 14
2014/1/21, 107, 124, 13, 41, 69, 25
2014/1/22, 188, 142, 8, 43, 67, 23
2014/1/23, 201, 201, 7, 56, 76, 50
2014/1/24, 262, 106, 17, 35, 60, 25
2014/1/25, 167, 67, 18, 27, 47, 17
2014/1/26, 113, 156, 11, 36, 64, 28
2014/1/27, 199, 91, 20, 28, 48, 15
2014/1/28, 129, 133, 11, 32, 62, 18
2014/1/29, 174, 155, 25, 25, 57, 24
2014/1/30, 203, 210, 8, 25, 75, 32
2014/1/31, 225, 67, 7, 20, 40, 18
2014/2/1, 146, 109, 25, 16, 39, 18
2014/2/2, 153, 56, 28, 9, 23, 13
2014/2/3, 64, 58, 23, 14, 45, 13
2014/2/4, 88, 66, 22, 21, 52, 15
2014/2/5, 113, 72, 20, 24, 54, 19
2014/2/6, 137, 69, 15, 21, 45, 19
2014/2/7, 152, 75, 23, 21, 50, 23
2014/2/8, 146, 25, 25, 12, 34, 15
2014/2/9, 61, 59, 18, 24, 59, 21
2014/2/10, 117, 79, 23, 29, 60, 23
2014/2/11, 160, 155, 12, 39, 69, 35
2014/2/12, 218, 106, 26, 31, 53, 26
2014/2/13, 182, 249, 14, 40, 74, 31
2014/2/14, 274, 206, 18, 36, 59, 34
2014/2/15, 267, 180, 21, 33, 56, 37
2014/2/16, 243, 74, 25, 22, 44, 22
2014/2/17, 138, 75, 15, 28, 50, 24
2014/2/18, 140, 85, 16, 33, 64, 21
2014/2/19, 156, 106, 21, 35, 55, 13
2014/2/20, 178, 206, 7, 59, 82, 31
2014/2/21, 232, 192, 12, 49, 72, 27
2014/2/22, 261, 134, 8, 34, 54, 18
2014/2/23, 210, 281, 6, 58, 94, 33
2014/2/24, 277, 291, 10, 67, 86, 38
2014/2/25, 317, 248, 28, 50, 61, 35
2014/2/26, 294, 53, 28, 18, 26, 9
2014/2/27, 103, 68, 21, 30, 39, 10
2014/2/28, 123, 96, 27, 33, 48, 20
2014/3/1, 146, 197, 14, 56, 70, 38
2014/3/2, 233, 167, 13, 37, 58, 36
2014/3/3, 230, 99, 25, 27, 41, 31
2014/3/4, 154, 86, 24, 28, 50, 27
2014/3/5, 155, 64, 28, 23, 36, 24
2014/3/6, 106, 95, 21, 34, 59, 28
2014/3/7, 156, 173, 14, 46, 65, 34
2014/3/8, 231, 103, 24, 30, 39, 28
2014/3/9, 170, 160, 15, 48, 64, 38
2014/3/10, 208, 239, 34, 46, 57, 36
2014/3/11, 312, 87, 26, 19, 29, 8
2014/3/12, 114, 74, 25, 30, 43, 14
2014/3/13, 141, 85, 27, 20, 23, 7
2014/3/14, 105, 207, 26, 47, 57, 24
2014/3/15, 218, 163, 22, 39, 48, 17
2014/3/16, 217, 264, 25, 34, 42, 18
2014/3/17, 208, 207, 24, 32, 44, 16
2014/3/18, 162, 91, 25, 32, 33, 11
2014/3/19, 164, 59, 30, 21, 20, 9
2014/3/20, 151, 98, 30, 35, 42, 16
2014/3/21, 181, 197, 31, 31, 38, 13
2014/3/22, 172, 182, 37, 45, 48, 22
2014/3/23, 224, 128, 42, 32, 37, 16
2014/3/24, 205, 158, 38, 37, 41, 16
2014/3/25, 232, 180, 51, 33, 35, 19
2014/3/26, 259, 183, 34, 41, 32, 25
2014/3/27, 234, 216, 11, 52, 38, 32
2014/3/28, 245, 123, 41, 29, 24, 28
2014/3/29, 208, 122, 43, 31, 21, 18
2014/3/30, 192, 184, 41, 33, 30, 17
2014/3/31, 236, 119, 38, 30, 21, 20
2020/1/1, , 73, , 38, 14, 13
2018/12/31, , 61, , 31, 12, 12
2017/9/10, , 50, , 12, 3, 7
2017/1/1, , 224, 9, 67, 17, 61
2017/3/12, , 68, 35, 33, 12, 14
2016/1/3, , 83, 26, 31, 21, 14
2014/12/31, , 82, 19, 29, 46, 10
2013/12/31, , 136, 13, 43, 61, 24